chembl_id,standard_value,standard_relation,standard_type,pchembl_value,molregno,canonical_smiles
CHEMBL326611,900.0,=,IC50,6.05,195291,O=C(Nc1ccccc1Oc1ccc(C(=O)O)c(C(=O)O)c1)c1cccc([N+](=O)[O-])c1
CHEMBL118643,6000.0,=,IC50,5.22,194969,O=C(Nc1ccccc1Oc1ccc(C(=O)O)c(C(=O)O)c1)c1cccc(Cl)c1
CHEMBL324288,11.0,=,Ki,7.96,195028,CCN1C(C)=C(C(=O)OC(C)C)[C@@H](c2ccccc2)C(C(=O)O)=C1C(=O)O
CHEMBL117003,3000.0,=,Ki,5.52,195326,O=C1NC(=O)[C@]2(C[C@H](CO)[C@@H](O)[C@H](O)[C@H]2O)N1
CHEMBL428690,1000.0,=,IC50,6.0,14366,CN1CC[C@H](c2c(O)cc(O)c3c(=O)cc(-c4ccccc4Cl)oc23)[C@H](O)C1
CHEMBL331779,50000.0,=,IC50,4.3,194875,CC(=O)c1cccc(C(=O)Nc2ccccc2Oc2ccc(C(=O)O)c(C(=O)O)c2)c1
CHEMBL99889,500.0,=,IC50,6.3,162867,O=C(N[C@@H](Cc1ccc(F)cc1)C(=O)N1CCC(O)CC1)c1cc2cc(Cl)ccc2[nH]1
CHEMBL118313,50000.0,=,IC50,4.3,195328,COc1cccc(C(=O)Nc2ccccc2Oc2ccc(C(=O)O)c(C(=O)O)c2)c1
CHEMBL3351144,4200.0,=,Ki,5.38,1799751,O=C1NC(=O)[C@@]2(N1)O[C@@H](CO)[C@@H](O)[C@H](O)[C@@H]2O
CHEMBL3351144,26000.0,=,Ki,4.58,1799751,O=C1NC(=O)[C@@]2(N1)O[C@@H](CO)[C@@H](O)[C@H](O)[C@@H]2O
CHEMBL489798,5100.0,=,Ki,5.29,491348,O=C1NC(=S)N[C@@]12O[C@H](CO)[C@@H](O)[C@H](O)[C@H]2O
CHEMBL489798,10900.0,=,Ki,4.96,491348,O=C1NC(=S)N[C@@]12O[C@H](CO)[C@@H](O)[C@H](O)[C@H]2O
CHEMBL342364,105.0,=,IC50,6.98,227334,CN1C(=O)C(NC(=O)c2cc3cc(Cl)ccc3[nH]2)CCc2ccccc21
CHEMBL342664,2440.0,=,IC50,5.61,227936,O=C(NC1CCc2ccccc2NC1=O)c1cc2ccccc2[nH]1
CHEMBL136712,240.0,=,IC50,6.62,227390,O=C(N[C@H]1CCc2ccccc2NC1=O)c1cc2cc(Cl)ccc2[nH]1
CHEMBL337378,550.0,=,IC50,6.26,227606,CN1C(=O)C(NC(=O)c2cc3cc(C(F)(F)F)ccc3[nH]2)Cc2ccccc21
CHEMBL337012,57.0,=,IC50,7.24,227400,CN1C(=O)[C@@H](NC(=O)c2cc3cc(Cl)ccc3[nH]2)Cc2ccccc21
CHEMBL137196,110.0,=,IC50,6.96,227761,CN1C(=O)C(NC(=O)c2cc3cc(C#N)ccc3[nH]2)Cc2ccccc21
CHEMBL136418,6800.0,=,IC50,5.17,227972,CN1C(=O)C(NC(=O)c2cc3cccc(N)c3[nH]2)Cc2ccccc21
CHEMBL139461,38.0,=,IC50,7.42,228393,O=C(NC1Cc2ccccc2NC1=O)c1cc2cc(Cl)ccc2[nH]1
CHEMBL138822,120.0,=,IC50,6.92,228560,CN1C(=O)C(NC(=O)c2cc3cccc([N+](=O)[O-])c3[nH]2)Cc2ccccc21
CHEMBL138874,21700.0,=,IC50,4.66,228360,O=C(NC1CCc2ccccc2NC1=O)c1ccc(Cl)c(Cl)c1
CHEMBL134797,83.0,=,IC50,7.08,227362,O=C(N[C@@H]1CCc2ccccc2NC1=O)c1cc2cc(Cl)ccc2[nH]1
CHEMBL136168,88.0,=,IC50,7.06,227926,CN1C(=O)C(NC(=O)c2cc3cccc(Cl)c3[nH]2)Cc2ccccc21
CHEMBL136218,56.0,=,IC50,7.25,227308,CN1C(=O)C(NC(=O)c2cc3ccccc3[nH]2)Cc2ccccc21
CHEMBL134793,73.0,=,IC50,7.14,227232,CN1C(=O)C(NC(=O)c2cc3cc(Br)ccc3[nH]2)Cc2ccccc21
CHEMBL136572,98.0,=,IC50,7.01,227230,Cc1ccc2[nH]c(C(=O)NC3Cc4ccccc4N(C)C3=O)cc2c1
CHEMBL136327,55.0,=,IC50,7.26,227998,O=C(NC1CCc2ccccc2NC1=O)c1cc2cc(Cl)ccc2[nH]1
CHEMBL344170,2100.0,=,IC50,5.68,227925,CN1C(=O)C(NC(=O)c2cc3c(Cl)cccc3[nH]2)Cc2ccccc21
CHEMBL139581,2310.0,=,IC50,5.64,228359,O=C(NC1Cc2ccccc2NC1=O)c1ccc(Cl)c(Cl)c1
CHEMBL337332,32.0,=,IC50,7.5,227435,CN1C(=O)C(NC(=O)c2cc3cc(Cl)ccc3[nH]2)Cc2ccccc21
CHEMBL136573,89.0,=,IC50,7.05,227231,CN1C(=O)C(NC(=O)c2cc3cc(F)ccc3[nH]2)Cc2ccccc21
CHEMBL139472,14.0,=,IC50,7.85,228419,O=C(N[C@@H]1Cc2ccccc2NC1=O)c1cc2cc(Cl)ccc2[nH]1
CHEMBL136295,1700.0,=,IC50,5.77,227797,COc1ccc2[nH]c(C(=O)NC3Cc4ccccc4N(C)C3=O)cc2c1
CHEMBL342880,55.0,=,IC50,7.26,228025,CN1C(=O)C(NC(=O)c2cc3cc(Cl)cc(F)c3[nH]2)Cc2ccccc21
CHEMBL134854,39.0,=,IC50,7.41,227363,O=C(N[C@H]1Cc2ccccc2NC1=O)c1cc2cc(Cl)ccc2[nH]1
CHEMBL422632,69.0,=,IC50,7.16,227929,CN1C(=O)C(NC(=O)c2cc3ccc(Cl)cc3[nH]2)Cc2ccccc21
CHEMBL136182,58.0,=,IC50,7.24,227401,CN1C(=O)[C@H](NC(=O)c2cc3cc(Cl)ccc3[nH]2)Cc2ccccc21
CHEMBL138069,850.0,=,IC50,6.07,227798,CCc1ccc2[nH]c(C(=O)NC3Cc4ccccc4N(C)C3=O)cc2c1
CHEMBL136188,2700.0,=,IC50,5.57,227699,COC(=O)c1ccc2[nH]c(C(=O)NC3Cc4ccccc4N(C)C3=O)cc2c1
CHEMBL440528,12.0,=,IC50,7.92,220670,COc1ccnc(C(=O)Nc2cc3ccccc3cc2Oc2ccc(C(=O)O)c(C(=O)O)c2)c1
CHEMBL134802,3.0,=,IC50,8.52,220668,O=C(Nc1cc2ccccc2cc1Oc1ccc(C(=O)O)c(C(=O)O)c1)c1cc([N+](=O)[O-])ccn1
CHEMBL133114,109.0,=,IC50,6.96,219201,O=C(Nc1cc(F)ccc1Oc1ccc(C(=O)O)c(C(=O)O)c1)c1cc([N+](=O)[O-])ccn1
CHEMBL133603,110.0,=,IC50,6.96,219803,COc1ccnc(C(=O)Nc2c(F)cccc2Oc2ccc(C(=O)O)c(C(=O)O)c2)c1
CHEMBL133745,1860.0,=,IC50,5.73,219882,O=C(Nc1c(F)cccc1Oc1ccc(C(=O)O)c(C(=O)O)c1)c1cccc([N+](=O)[O-])c1
CHEMBL133832,12.0,=,IC50,7.92,220639,O=C(Nc1cc2ccccc2cc1Oc1ccc(C(=O)O)c(C(=O)O)c1)c1cc(Cl)ccn1
CHEMBL131644,200.0,=,IC50,6.7,219757,COc1ccnc(C(=O)Nc2ccccc2Oc2ccc(C(=O)O)c(C(=O)O)c2)c1
CHEMBL337224,80.0,=,IC50,7.1,219975,O=C(Nc1cc2ccccc2cc1Oc1ccc(C(=O)O)c(C(=O)O)c1)c1cc(C(F)(F)F)ccn1
CHEMBL132191,25.0,=,IC50,7.6,219945,O=C(Nc1ccccc1Oc1ccc(C(=O)O)c(C(=O)O)c1)c1cc([N+](=O)[O-])ccn1
CHEMBL134152,181.0,=,IC50,6.74,219760,O=C(Nc1ccccc1Oc1ccc(C(=O)O)c(C(=O)O)c1)c1cc(Cl)ccn1
CHEMBL133109,844.0,=,IC50,6.07,219787,O=C(Nc1cc2ccccc2cc1Oc1ccc(C(=O)O)c(C(=O)O)c1)c1ccccn1
CHEMBL133274,29.0,=,IC50,7.54,219662,CCc1ccnc(C(=O)Nc2cc3ccccc3cc2Oc2ccc(C(=O)O)c(C(=O)O)c2)c1
CHEMBL442404,140.0,=,IC50,6.85,219978,O=C(Nc1cc2ccccc2cc1Oc1ccc(C(=O)O)c(C(=O)O)c1)c1cccc([N+](=O)[O-])c1
CHEMBL132430,468.0,=,IC50,6.33,219756,O=C(Nc1ccccc1Oc1ccc(C(=O)O)c(C(=O)O)c1)c1cc(I)ccn1
CHEMBL130055,647.0,=,IC50,6.19,219174,O=C(Nc1cc(F)ccc1Oc1ccc(C(=O)O)c(C(=O)O)c1)c1cc(Cl)ccn1
CHEMBL130667,12300.0,=,IC50,4.91,219629,O=C(Nc1cc2ccccc2cc1Oc1ccc(C(=O)O)c(C(=O)O)c1)c1ccccc1
CHEMBL132201,167.0,=,IC50,6.78,219704,N#Cc1ccnc(C(=O)Nc2ccccc2Oc2ccc(C(=O)O)c(C(=O)O)c2)c1
CHEMBL133911,9.0,=,IC50,8.05,219845,O=C(Nc1c(F)cccc1Oc1ccc(C(=O)O)c(C(=O)O)c1)c1cc([N+](=O)[O-])ccn1
CHEMBL133923,57.0,=,IC50,7.24,219976,Cc1ccnc(C(=O)Nc2cc3ccccc3cc2Oc2ccc(C(=O)O)c(C(=O)O)c2)c1
CHEMBL132640,60.0,=,IC50,7.22,219844,O=C(Nc1c(F)cccc1Oc1ccc(C(=O)O)c(C(=O)O)c1)c1cc(Cl)ccn1
CHEMBL115395,185.0,=,IC50,6.73,189173,CC1=C(C(=O)OC(C)C)C(c2ccccc2Cl)C(C(=O)O)=C(C(=O)O)N1Cc1ccc(Cl)cc1Cl
CHEMBL117483,91.0,=,IC50,7.04,189132,CC1=C(C(=O)OC(C)C)C(c2ccccc2Cl)C(C(=O)O)=C(C(=O)O)N1Cc1cc(Cl)ccc1Cl
CHEMBL324357,15000.0,=,IC50,4.82,188747,CCN1C=C(C(=O)O)C(c2ccccc2Cl)C(C(=O)OC(C)C)=C1C
CHEMBL115341,11.0,=,IC50,7.96,189063,COc1ccc(CN2C(C)=C(C(=O)OC(C)C)C(c3ccccc3Cl)C(C(=O)O)=C2C(=O)O)cc1OC
CHEMBL114858,1195.0,=,IC50,5.92,188785,CCN1C(C)=C(C(=O)OC(C)C)C(c2ccccc2)C(C(=O)O)=C1C(=O)O
CHEMBL334272,41.0,=,IC50,7.39,188630,CC1=C(C(=O)OC(C)C)C(c2ccccc2Cl)C(C(=O)O)=C(C(=O)O)N1Cc1ccc(Cl)c(Cl)c1
CHEMBL114950,138.0,=,IC50,6.86,189641,CCN1C(C)=C(C(=O)OC(C)C)C(c2ccccc2Cl)C(C(=O)O)=C1C(=O)O
CHEMBL114731,26.0,=,IC50,7.58,189603,CC1=C(C(=O)OC(C)C)C(c2ccccc2Cl)C(C(=O)O)=C(C(=O)O)N1Cc1ccccc1
CHEMBL115651,6.0,=,IC50,8.22,189331,CC1=C(C(=O)OC(C)C)C(c2ccccc2Cl)C(C(=O)O)=C(C(=O)O)N1Cc1ccc(Cl)cc1
CHEMBL326950,10.61,=,IC50,7.97,189000,CCN1C(C)=C(C(=O)NCc2ccccc2)C(c2ccccc2Cl)C(C(=O)O)=C1C(=O)O
CHEMBL114271,52.0,=,IC50,7.28,188746,CC1=C(C(=O)OC(C)C)C(c2ccccc2Cl)C(C(=O)O)=C(C(=O)O)N1CC(F)(F)F
CHEMBL115441,37.0,=,IC50,7.43,189100,CC1=C(C(=O)OC(C)C)C(c2ccccc2Cl)C(C(=O)O)=C(C(=O)O)N1Cc1cc(Cl)cc(Cl)c1
CHEMBL115045,233.0,=,IC50,6.63,189299,CC1=C(C(=O)OC(C)C)C(c2ccccc2Cl)C(C(=O)O)=C(C(=O)O)N1Cc1cccc(Cl)c1Cl
CHEMBL323707,172.0,=,IC50,6.76,189134,CC1=NC(C(=O)O)=C(C(=O)O)C(c2ccccc2Cl)/C1=C(\O)OC(C)C
CHEMBL423509,10.0,=,IC50,8.0,189034,CC1=C(C(=O)OC(C)C)C(c2ccccc2Cl)C(C(=O)O)=C(C(=O)O)N1Cc1cccc([N+](=O)[O-])c1
CHEMBL114846,19.9,=,IC50,7.7,189642,CCNC(=O)C1=C(C)N(CC)C(C(=O)O)=C(C(=O)O)C1c1ccccc1Cl
CHEMBL113736,8.28,=,IC50,8.08,188996,CCN1C(C)=C(C(=O)NCC(C)C)C(c2ccccc2Cl)C(C(=O)O)=C1C(=O)O
CHEMBL114226,12.9,=,IC50,7.89,188715,CCN1C(C)=C(C(=O)NC(C)C)C(c2ccccc2Cl)C(C(=O)O)=C1C(=O)O
CHEMBL113762,29.0,=,IC50,7.54,189030,CC1=C(C(=O)OC(C)C)C(c2ccccc2Cl)C(C(=O)O)=C(C(=O)O)N1Cc1cccc(Cl)c1
CHEMBL326810,178.0,=,IC50,6.75,188995,CC1=C(C(=O)OC(C)C)C(c2ccccc2Cl)C(C(=O)O)=C(C(=O)O)N1Cc1ccccc1Cl
CHEMBL371513,2500.0,=,IC50,5.6,326972,Oc1nc2ccccc2nc1Nc1ccccc1
CHEMBL194222,2500.0,=,IC50,5.6,326980,Cn1c(=O)c(Nc2ccc(-c3ccc[nH]3)cc2)nc2ccccc21
CHEMBL426460,5000.0,=,IC50,5.3,326981,Cn1c(=O)c(Nc2ccc(-c3ccoc3)cc2)nc2ccccc21
CHEMBL365817,2500.0,=,IC50,5.6,326990,Cn1c(=O)c(Nc2ccc(NC(=O)c3ccco3)cc2)nc2ccccc21
CHEMBL425918,730.0,=,IC50,6.14,327014,Cn1c(=O)c(Nc2ccc(NC(=O)c3ccon3)cc2)nc2ccccc21
CHEMBL371986,710.0,=,IC50,6.15,327015,Cn1c(=O)c(Nc2ccc(NC(=O)c3ccno3)cc2)nc2ccccc21
CHEMBL194177,110.0,=,IC50,6.96,326998,Cn1c(=O)c(Nc2ccc(C(=O)Nc3ccon3)cc2)nc2ccccc21
CHEMBL196001,200.0,=,IC50,6.7,327006,Cn1c(=O)c(Nc2ccc(C(=O)Nc3cc[nH]n3)cc2)nc2ccccc21
CHEMBL194245,480.0,=,IC50,6.32,327007,Cn1c(=O)c(Nc2ccc(C(=O)Nc3nccs3)cc2)nc2ccccc21
CHEMBL194356,110.0,=,IC50,6.96,327151,Cn1c(=O)c(Nc2ccc(C(=O)NCc3cccs3)cc2)nc2ccccc21
CHEMBL194807,120.0,=,IC50,6.92,327152,Cn1c(=O)c(Nc2ccc(C(=O)NCc3ccco3)cc2)nc2ccccc21
CHEMBL193734,140.0,=,IC50,6.85,327167,Cn1c(=O)c(Nc2ccc(C(=O)NCc3cccs3)cc2)nc2cc(F)ccc21
CHEMBL440386,280.0,=,IC50,6.55,327174,Cc1ccc2nc(Nc3ccc(C(=O)NCc4cccs4)cc3)c(=O)n(C)c2c1
CHEMBL372862,190.0,=,IC50,6.72,327175,Cn1c(=O)c(Nc2ccc(C(=O)NCc3cccs3)cc2)nc2cccnc21
CHEMBL196637,160.0,=,IC50,6.8,327180,O=C(NCc1cccs1)c1ccc(Nc2nc3ccccc3nc2O)cc1
CHEMBL196687,190.0,=,IC50,6.72,327181,CCn1c(=O)c(Nc2ccc(C(=O)NCc3cccs3)cc2)nc2ccccc21
CHEMBL382077,320.0,=,IC50,6.5,327190,O=C(NCc1cccs1)c1ccc(Nc2nc3ccccc3n(CCO)c2=O)cc1
CHEMBL196641,5700.0,=,IC50,5.24,327198,O=C(O)Cn1c(=O)c(Nc2ccc(C(=O)NCc3cccs3)cc2)nc2ccccc21
CHEMBL372696,710.0,=,IC50,6.15,327207,CN(C)CCn1c(=O)c(Nc2ccc(C(=O)NCc3cccs3)cc2)nc2ccccc21
CHEMBL372478,580.0,=,IC50,6.24,327208,O=C(NCc1cccs1)c1ccc(Nc2nc3ccccc3n(CCc3ccccn3)c2=O)cc1
CHEMBL373082,420.0,=,IC50,6.38,327215,O=C(NCc1cccs1)c1ccc(Nc2nc3ccccc3n(CCN3CCCCC3)c2=O)cc1
CHEMBL370173,350.0,=,IC50,6.46,327094,O=C(NCc1cccs1)c1ccc(Nc2nc3ccccc3n(CCN3CCOCC3)c2=O)cc1
CHEMBL391533,20000.0,=,IC50,4.7,399211,C[C@@H]1[C@H]2C3=CC[C@@H]4[C@@]5(C)C[C@@H](O)[C@H](O)C(C)(C)[C@@H]5CC[C@@]4(C)[C@]3(C)CC[C@@]2(C(=O)O)CC[C@H]1C
CHEMBL201515,28000.0,=,IC50,4.55,338843,CC1(C)CC[C@]2(C(=O)O)CC[C@]3(C)C(=CC[C@@H]4[C@@]5(C)C[C@@H](O)[C@H](O)C(C)(C)[C@@H]5CC[C@]43C)[C@@H]2C1
CHEMBL203410,63000.0,=,IC50,4.2,339059,CC(=O)O[C@@H]1C[C@@]2(C)[C@@H](CC[C@]3(C)[C@@H]2CC=C2[C@@H]4CC(C)(C)CC[C@]4(C(=O)OCc4ccccc4)CC[C@]23C)C(C)(C)[C@@H]1O
CHEMBL373064,80000.0,=,IC50,4.1,338977,CC(=O)O[C@@H]1C[C@@]2(C)[C@@H](CC[C@]3(C)[C@@H]2CC=C2[C@@H]4CC(C)(C)CC[C@]4(C(=O)OCc4ccccc4)CC[C@]23C)C(C)(C)[C@H]1O
CHEMBL201668,29000.0,=,IC50,4.54,338976,CC(=O)O[C@@H]1C[C@@]2(C)[C@@H](CC[C@]3(C)[C@@H]2CC=C2[C@@H]4CC(C)(C)CC[C@]4(C(=O)OCc4ccccc4)CC[C@]23C)C(C)(C)C1=O
CHEMBL210886,34300.0,=,IC50,4.46,349649,CC1(C)CC[C@]2(C(=O)O)CC[C@]3(C)C(=CCC4[C@@]5(C)CC[C@H](OC(=O)CCC(=O)O)C(C)(C)C5CC[C@]43C)[C@@H]2C1
CHEMBL211013,12700.0,=,IC50,4.9,347828,CC1(C)CC[C@]2(C(=O)O)CC[C@]3(C)C(=CCC4[C@@]5(C)CC6C=NOC6C(C)(C)C5CC[C@]43C)[C@@H]2C1
CHEMBL208852,19600.0,=,IC50,4.71,347672,CC1(C)CC[C@]2(C(=O)OCc3ccccc3)CC[C@]3(C)C(=CCC4[C@@]5(C)CC6C=NOC6C(C)(C)C5CC[C@]43C)[C@@H]2C1
CHEMBL208693,6300.0,=,IC50,5.2,347671,CC1(C)CC[C@]2(C(=O)OCc3ccccc3)CC[C@]3(C)C(=CCC4[C@@]5(C)CC(C=O)=C(O)C(C)(C)C5CC[C@]43C)[C@@H]2C1
CHEMBL381110,8000.0,=,IC50,5.1,347757,CC1(C)CC[C@]2(C(=O)OCc3ccccc3)CC[C@]3(C)C(=CCC4[C@@]5(C)C/C(=N\OCc6ccc(Cl)cc6Cl)C(=O)C(C)(C)C5CC[C@]43C)[C@@H]2C1
CHEMBL380025,61300.0,=,IC50,4.21,347829,CC1(C)CC[C@]2(C(=O)OCc3ccccc3)CC[C@]3(C)C(=CCC4[C@@]5(C)C/C(=N\OCc6ccccc6)C(=O)C(C)(C)C5CC[C@]43C)[C@@H]2C1
CHEMBL379304,28200.0,=,IC50,4.55,348161,CC1(C)CC[C@]2(C(=O)O)CC[C@]3(C)C(=CCC4[C@@]5(C)C/C(=N\O)[C@H](O)C(C)(C)C5CC[C@]43C)[C@@H]2C1
CHEMBL381802,11200.0,=,IC50,4.95,348160,CC1(C)CC[C@]2(C(=O)O)CC[C@]3(C)C(=CCC4[C@@]5(C)Cc6nonc6C(C)(C)C5CC[C@]43C)[C@@H]2C1
CHEMBL379852,22300.0,=,IC50,4.65,349646,CC1(C)CC[C@]2(C(=O)OCc3ccccc3)CC[C@]3(C)C(=CCC4[C@@]5(C)CC(=N\O)/C(=N\O)C(C)(C)C5CC[C@]43C)[C@@H]2C1
CHEMBL209125,26100.0,=,IC50,4.58,349978,CC1(C)CC[C@]2(C(=O)O)CC[C@]3(C)C(=CCC4[C@@]5(C)C/C(=N\O)C(=O)C(C)(C)C5CC[C@]43C)[C@@H]2C1
CHEMBL380084,46800.0,=,IC50,4.33,350033,CC1(C)CC[C@]2(C(=O)OCc3ccccc3)CC[C@]3(C)C(=CCC4[C@@]5(C)C/C(=N\O)C(=O)C(C)(C)C5CC[C@]43C)[C@@H]2C1
CHEMBL207108,20800.0,=,IC50,4.68,349275,CC1(C)CC[C@]2(C(=O)OCc3ccccc3)CC[C@]3(C)C(=CCC4[C@@]5(C)CC/C(=N\O)C(C)(C)C5CC[C@]43C)[C@@H]2C1
CHEMBL210763,66600.0,=,IC50,4.18,349424,CC1(C)CC[C@]2(C(=O)OCc3ccccc3)CC[C@]3(C)C(=CCC4[C@@]5(C)CCC(=O)C(C)(C)C5CC[C@]43C)[C@@H]2C1
CHEMBL209010,53200.0,=,IC50,4.27,349920,CNCCOC(=O)[C@]12CCC(C)(C)C[C@H]1C1=CCC3[C@@]4(C)CC[C@H](O)C(C)(C)C4CC[C@@]3(C)[C@]1(C)CC2
CHEMBL379817,76700.0,=,IC50,4.12,349198,CCOC(=O)CCCOC(=O)[C@]12CCC(C)(C)C[C@H]1C1=CCC3[C@@]4(C)CC[C@H](O)C(C)(C)C4CC[C@@]3(C)[C@]1(C)CC2
CHEMBL208753,62600.0,=,IC50,4.2,349708,CC1(C)CC[C@]2(C(=O)OCC(=O)O)CC[C@]3(C)C(=CCC4[C@@]5(C)CC[C@H](O)C(C)(C)C5CC[C@]43C)[C@@H]2C1
CHEMBL210604,16900.0,=,IC50,4.77,350082,COc1ccc(/C=C/C(=O)O[C@H]2CC[C@@]3(C)C(CC[C@]4(C)C3CC=C3[C@@H]5CC(C)(C)CC[C@]5(C(=O)O)CC[C@]34C)C2(C)C)cc1
CHEMBL150213,3300.0,=,IC50,5.48,350070,CC1(C)CC[C@]2(C(=O)O)CC[C@]3(C)C(=CCC4[C@@]5(C)CC[C@H](OC(=O)/C=C/c6ccc(Cl)cc6)C(C)(C)C5CC[C@]43C)[C@@H]2C1
CHEMBL215137,330.0,=,IC50,6.48,122938,OC[C@H]1NC[C@@H](O)[C@@H]1O
CHEMBL215137,390.0,=,IC50,6.41,122938,OC[C@H]1NC[C@@H](O)[C@@H]1O
CHEMBL213661,840.0,=,IC50,6.08,358234,OC[C@H]1CN(CCCc2ccccc2)C[C@@H](O)[C@@H]1O
CHEMBL206468,1210.0,=,IC50,5.92,344658,OC[C@H]1CNC[C@@H](O)[C@@H]1O
CHEMBL206468,760.0,=,IC50,6.12,344658,OC[C@H]1CNC[C@@H](O)[C@@H]1O
CHEMBL206468,5200.0,=,Ki,5.28,344658,OC[C@H]1CNC[C@@H](O)[C@@H]1O
CHEMBL215137,342.0,=,Ki,6.47,122938,OC[C@H]1NC[C@@H](O)[C@@H]1O
CHEMBL215137,396.0,=,Ki,6.4,122938,OC[C@H]1NC[C@@H](O)[C@@H]1O
CHEMBL511063,97000.0,=,IC50,4.01,508401,C[C@@H]1[C@H]2C3=CC[C@@H]4[C@@]5(C)CC[C@H](O)C(C)(C)[C@@H]5CC[C@@]4(C)[C@]3(C)CC[C@@]2(C(=O)O[C@@H]2O[C@H](CO)[C@@H](O)[C@H](O)[C@H]2O)CC[C@H]1C
CHEMBL230006,66000.0,=,IC50,4.18,387585,CC1(C)[C@@H](O)CC[C@@]2(C)[C@H]1CC[C@]1(C)[C@@H]2C(=O)C=C2[C@@H]3C[C@@](C)(C(=O)O)CC[C@]3(C)CC[C@]21C
CHEMBL524112,8000.0,=,Ki,5.1,491432,COc1ccc(C2=NO[C@]3(O[C@H](CO)[C@@H](O)[C@H](O)[C@H]3O)S2)cc1
CHEMBL489972,28000.0,=,Ki,4.55,491431,OC[C@H]1O[C@]2(ON=C(c3ccc(F)cc3)S2)[C@H](O)[C@@H](O)[C@@H]1O
CHEMBL490000,5000.0,=,Ki,5.3,491351,O=C(NC(=O)c1cccc2ccccc12)N[C@@H]1O[C@H](CO)[C@@H](O)[C@H](O)[C@H]1O
CHEMBL549701,64000.0,=,Ki,4.19,564029,OC[C@H]1O[C@@H](c2nc(-c3ccccc3)no2)[C@H](O)[C@@H](O)[C@@H]1O
CHEMBL549702,8800.0,=,Ki,5.06,564030,Cc1ccc(-c2noc([C@@H]3O[C@H](CO)[C@@H](O)[C@H](O)[C@H]3O)n2)cc1
CHEMBL556286,20400.0,=,Ki,4.69,567621,COc1ccc(-c2noc([C@@H]3O[C@H](CO)[C@@H](O)[C@H](O)[C@H]3O)n2)cc1
CHEMBL549436,19400.0,=,Ki,4.71,562341,OC[C@H]1O[C@@H](c2nc(-c3ccc(O)cc3)no2)[C@H](O)[C@@H](O)[C@@H]1O
CHEMBL558444,19000.0,=,Ki,4.72,565836,OC[C@H]1O[C@@H](c2nc(-c3cccc4ccccc34)no2)[C@H](O)[C@@H](O)[C@@H]1O
CHEMBL549843,2400.0,=,Ki,5.62,562348,OC[C@H]1O[C@@H](c2nc(-c3ccc4ccccc4c3)no2)[C@H](O)[C@@H](O)[C@@H]1O
CHEMBL550450,34200.0,=,IC50,4.47,562117,O=C(Cn1cccc(NCc2ccccc2)c1=O)NCc1ccccc1
CHEMBL558697,6300.0,=,IC50,5.2,567421,O=C(Cn1cccc(NCc2ccccc2)c1=O)NCc1ccc(Cl)c(Cl)c1
CHEMBL523952,26000.0,=,Ki,4.58,491430,OC[C@H]1O[C@]2(ON=C(c3ccccc3)S2)[C@H](O)[C@@H](O)[C@@H]1O
CHEMBL489972,48000.0,=,Ki,4.32,491431,OC[C@H]1O[C@]2(ON=C(c3ccc(F)cc3)S2)[C@H](O)[C@@H](O)[C@@H]1O
CHEMBL524112,8200.0,=,Ki,5.09,491432,COc1ccc(C2=NO[C@]3(O[C@H](CO)[C@@H](O)[C@H](O)[C@H]3O)S2)cc1
CHEMBL490175,160.0,=,Ki,6.8,491433,OC[C@H]1O[C@]2(ON=C(c3ccc4ccccc4c3)S2)[C@H](O)[C@@H](O)[C@@H]1O
CHEMBL113,83100.0,=,IC50,4.08,16485,Cn1c(=O)c2c(ncn2C)n(C)c1=O
CHEMBL113,74900.0,=,IC50,4.13,16485,Cn1c(=O)c2c(ncn2C)n(C)c1=O
CHEMBL569935,50400.0,=,IC50,4.3,583109,C=C(C)[C@@H]1CC[C@]2(C(=O)OC3CCCCC3)CC[C@]3(C)[C@H](CC[C@@H]4[C@@]5(C)CC[C@H](O)[C@@](C)(CO)[C@@H]5CC[C@]43C)[C@@H]12
CHEMBL566180,69100.0,=,IC50,4.16,583110,C=C(C)[C@@H]1CC[C@]2(C(=O)OCCCCCC)CC[C@]3(C)[C@H](CC[C@@H]4[C@@]5(C)CC[C@H](O)[C@@](C)(CO)[C@@H]5CC[C@]43C)[C@@H]12
CHEMBL567035,96600.0,=,IC50,4.01,583112,C=C(C)[C@@H]1CC[C@]2(C(=O)OCCN(CCCCCCNC(C)=O)C(C)=O)CC[C@]3(C)[C@H](CC[C@@H]4[C@@]5(C)CC[C@H](OC(C)=O)[C@@](C)(COC(C)=O)[C@@H]5CC[C@]43C)[C@@H]12
CHEMBL567088,69200.0,=,IC50,4.16,583113,C=C(C)[C@@H]1CC[C@]2(C(=O)OCCCCCCOC(=O)c3ccccc3C(=O)O)CC[C@]3(C)[C@H](CC[C@@H]4[C@@]5(C)CC[C@H](OC(C)=O)[C@@](C)(COC(C)=O)[C@@H]5CC[C@]43C)[C@@H]12
CHEMBL569936,94500.0,=,IC50,4.03,583114,C=C(C)[C@@H]1CC[C@]2(C(=O)OCC#CCOC(=O)CCC(=O)O)CC[C@]3(C)[C@H](CC[C@@H]4[C@@]5(C)CC[C@H](OC(C)=O)[C@@](C)(COC(C)=O)[C@@H]5CC[C@]43C)[C@@H]12
CHEMBL568395,67700.0,=,IC50,4.17,583116,C=C(C)[C@@H]1CC[C@]2(C(=O)NCC(=O)O)CC[C@]3(C)[C@H](CC[C@@H]4[C@@]5(C)CC[C@H](O)[C@@](C)(CO)[C@@H]5CC[C@]43C)[C@@H]12
CHEMBL568615,40600.0,=,IC50,4.39,583117,C=C(C)[C@@H]1CC[C@]2(C(=O)NCC(=O)N[C@@H](Cc3ccccc3)C(=O)OC)CC[C@]3(C)[C@H](CC[C@@H]4[C@@]5(C)CC[C@H](O)[C@@](C)(CO)[C@@H]5CC[C@]43C)[C@@H]12
CHEMBL568845,15200.0,=,IC50,4.82,583119,C=C(C)[C@@H]1CC[C@]2(C(=O)NCCCN)CC[C@]3(C)[C@H](CC[C@@H]4[C@@]5(C)CC[C@H](OC(C)=O)[C@@](C)(COC(C)=O)[C@@H]5CC[C@]43C)[C@@H]12
CHEMBL566671,3500.0,=,IC50,5.46,583120,C=C(C)[C@@H]1CC[C@]2(C(=O)NCCCCCCN)CC[C@]3(C)[C@H](CC[C@@H]4[C@@]5(C)CC[C@H](OC(C)=O)[C@@](C)(COC(C)=O)[C@@H]5CC[C@]43C)[C@@H]12
CHEMBL567333,72800.0,=,IC50,4.14,583121,C=C(C)[C@@H]1CC[C@]2(C(=O)NCCCN(CC)CC)CC[C@]3(C)[C@H](CC[C@@H]4[C@@]5(C)CC[C@H](OC(C)=O)[C@@](C)(COC(C)=O)[C@@H]5CC[C@]43C)[C@@H]12
CHEMBL567250,55600.0,=,IC50,4.25,583122,C=C(C)[C@@H]1CC[C@]2(C(=O)NCCCCCCN(CC)CC)CC[C@]3(C)[C@H](CC[C@@H]4[C@@]5(C)CC[C@H](OC(C)=O)[C@@](C)(COC(C)=O)[C@@H]5CC[C@]43C)[C@@H]12
CHEMBL569937,29500.0,=,IC50,4.53,583123,C=C(C)[C@@H]1CC[C@]2(C(=O)NCCCCCCNCC)CC[C@]3(C)[C@H](CC[C@@H]4[C@@]5(C)CC[C@H](OC(C)=O)[C@@](C)(COC(C)=O)[C@@H]5CC[C@]43C)[C@@H]12
CHEMBL566381,34100.0,=,IC50,4.47,583124,C=C(C)[C@@H]1CC[C@]2(C(=O)NCCCCCCNC(C)=O)CC[C@]3(C)[C@H](CC[C@@H]4[C@@]5(C)CC[C@H](OC(C)=O)[C@@](C)(COC(C)=O)[C@@H]5CC[C@]43C)[C@@H]12
CHEMBL565819,23800.0,=,IC50,4.62,583125,C=C(C)[C@@H]1CC[C@]2(C(=O)NCCCN)CC[C@]3(C)[C@H](CC[C@@H]4[C@@]5(C)CC[C@H](O)[C@@](C)(CO)[C@@H]5CC[C@]43C)[C@@H]12
CHEMBL566682,10200.0,=,IC50,4.99,583126,C=C(C)[C@@H]1CC[C@]2(C(=O)NCCCCCCN)CC[C@]3(C)[C@H](CC[C@@H]4[C@@]5(C)CC[C@H](O)[C@@](C)(CO)[C@@H]5CC[C@]43C)[C@@H]12
CHEMBL568204,54800.0,=,IC50,4.26,583128,C=C(C)[C@@H]1CC[C@]2(C(=O)NCCCCCCNC(=O)/C=C/C(=O)O)CC[C@]3(C)[C@H](CC[C@@H]4[C@@]5(C)CC[C@H](OC(C)=O)[C@@](C)(COC(C)=O)[C@@H]5CC[C@]43C)[C@@H]12
CHEMBL1202095,30100.0,=,IC50,4.52,583130,C=C(C)[C@@H]1CC[C@]2(COC(=O)C(=O)OC)CC[C@]3(C)[C@H](CC[C@@H]4[C@@]5(C)CC[C@H](OC(=O)C(=O)OC)[C@@](C)(COC(=O)C(=O)OC)[C@@H]5CC[C@]43C)[C@@H]12
CHEMBL2367721,19100.0,=,IC50,4.72,1548615,C=C(C)[C@@H]1CC[C@]2(COC(=O)C(=O)OCC#CCO)CC[C@]3(C)[C@@H](CC[C@@H]4[C@@]5(C)CC[C@H](OC(=O)C(=O)OCC#CCO)[C@@](C)(COC(=O)C(=O)OCC#CCO)[C@@H]5CC[C@]43C)C12
CHEMBL566250,34700.0,=,IC50,4.46,583132,C=C(C)[C@@H]1CC[C@]2(COC(=O)C(=O)NCCCC)CC[C@]3(C)[C@H](CC[C@@H]4[C@@]5(C)CC[C@H](OC(=O)C(=O)NCCCC)[C@@](C)(COC(=O)C(=O)NCCCC)[C@@H]5CC[C@]43C)[C@@H]12
CHEMBL567983,35900.0,=,IC50,4.45,583133,C=C(C)[C@@H]1CC[C@]2(COC(=O)C(=O)NC(C)C)CC[C@]3(C)[C@H](CC[C@@H]4[C@@]5(C)CC[C@H](OC(=O)C(=O)NC(C)C)[C@@](C)(COC(=O)C(=O)NC(C)C)[C@@H]5CC[C@]43C)[C@@H]12
CHEMBL568431,97800.0,=,IC50,4.01,583134,C=C(C)[C@@H]1CC[C@]2(COC(=O)CCC(=O)O)CC[C@]3(C)[C@H](CC[C@@H]4[C@@]5(C)CC[C@H](OC(=O)CCC(=O)O)[C@@](C)(COC(=O)CCC(=O)O)[C@@H]5CC[C@]43C)[C@@H]12
CHEMBL608393,43900.0,=,IC50,4.36,594558,Cn1ccnc1Sc1cc(C(=O)Nc2nccs2)c(N)cc1F
CHEMBL394709,2680.0,=,IC50,5.57,406279,Cn1ccnc1Sc1cc(C(=O)Nc2cccc(N)c2)c(N)cc1F
CHEMBL595296,5400.0,=,IC50,5.27,594569,Nc1cccc(NC(=O)c2cc(Sc3nccs3)c(F)cc2N)c1
CHEMBL596404,3500.0,=,IC50,5.46,594595,Cc1csc(Sc2cc(C(=O)Nc3cccc(N)c3)c(N)cc2F)n1
CHEMBL611059,17700.0,=,IC50,4.75,594596,Nc1cccc(NC(=O)c2cc(Sc3nncs3)c(F)cc2N)c1
CHEMBL592914,10600.0,=,IC50,4.97,594510,Nc1cccc(NC(=O)c2cc(Sc3ccccn3)c(F)cc2N)c1
CHEMBL593151,9800.0,=,IC50,5.01,594511,Cc1cc(C)nc(Sc2cc(C(=O)Nc3cccc(N)c3)c(N)cc2F)n1
CHEMBL611354,28900.0,=,IC50,4.54,594512,Cn1ccnc1Sc1cc(NC(=O)c2cccc(N)c2)c(N)cc1F
CHEMBL596180,25300.0,=,IC50,4.6,594531,Cn1ccnc1Sc1cc(C(=O)Nc2cccc(CN)c2)c(N)cc1F
CHEMBL239692,8950.0,=,IC50,5.05,406275,Cn1ccnc1Sc1cc(C(=O)Nc2cccc(C(F)(F)F)c2)c(N)cc1F
CHEMBL603214,21100.0,=,IC50,4.68,594570,Nc1cc(F)c(Sc2nccs2)cc1C(=O)Nc1cccc(C(F)(F)F)c1
CHEMBL595524,32500.0,=,IC50,4.49,594571,Cc1csc(Sc2cc(C(=O)Nc3cccc(C(F)(F)F)c3)c(N)cc2F)n1
CHEMBL595498,18900.0,=,IC50,4.72,594597,Nc1cc(F)c(Sc2nncs2)cc1C(=O)Nc1cccc(C(F)(F)F)c1
CHEMBL394757,9870.0,=,IC50,5.01,406269,Cn1ccnc1Sc1cc(C(=O)Nc2cccc(C#N)c2)c(N)cc1F
CHEMBL593212,34500.0,=,IC50,4.46,594609,N#Cc1cccc(NC(=O)c2cc(Sc3nccs3)c(F)cc2N)c1
CHEMBL609292,18900.0,=,IC50,4.72,594610,Cc1csc(Sc2cc(C(=O)Nc3cccc(C#N)c3)c(N)cc2F)n1
CHEMBL595297,44300.0,=,IC50,4.35,594621,N#Cc1cccc(NC(=O)c2cc(Sc3nncs3)c(F)cc2N)c1
CHEMBL595970,19300.0,=,IC50,4.71,594476,Cc1cc(C)nc(Sc2cc(C(=O)Nc3cccc(C#N)c3)c(N)cc2F)n1
CHEMBL239481,30900.0,=,IC50,4.51,406273,Cn1ccnc1Sc1cc(C(=O)Nc2cccc(F)c2)c(N)cc1F
CHEMBL593183,25900.0,=,IC50,4.59,594559,Nc1cc(F)c(Sc2nccs2)cc1C(=O)Nc1cccc(F)c1
CHEMBL595525,33600.0,=,IC50,4.47,594572,Nc1cc(F)c(Sc2nncs2)cc1C(=O)Nc1cccc(F)c1
CHEMBL607545,7200.0,=,IC50,5.14,594573,Nc1cc(F)c(Sc2ccccn2)cc1C(=O)Nc1cccc(F)c1
CHEMBL595954,21600.0,=,IC50,4.67,594586,Nc1cc(F)c(Sc2nc3ccccc3o2)cc1C(=O)Nc1cccc(F)c1
CHEMBL391800,23900.0,=,IC50,4.62,406251,COc1ccc(NC(=O)c2cc(Sc3nccn3C)c(F)cc2N)cc1
CHEMBL239049,20200.0,=,IC50,4.7,406260,COc1cccc(NC(=O)c2cc(Sc3nccn3C)c(F)cc2N)c1
CHEMBL595519,9300.0,=,IC50,5.03,594622,COc1ccc(NC(=O)c2cc(Sc3nccn3C)c(F)cc2N)cc1OC
CHEMBL596449,25800.0,=,IC50,4.59,594477,Nc1cccc(NC(=O)CN2CCN(c3ccccc3F)CC2)c1
CHEMBL240926,78500.0,=,IC50,4.11,406292,O=C(CN1CCN(c2ccccc2F)CC1)Nc1cccc(C(F)(F)F)c1
CHEMBL611646,18700.0,=,IC50,4.73,594495,O=C(CN1CCN(c2ccccc2F)CC1)Nc1cccc(F)c1
CHEMBL595722,12500.0,=,IC50,4.9,594513,N#Cc1cccc(NC(=O)CN2CCN(c3ccccc3F)CC2)c1
CHEMBL611214,35900.0,=,IC50,4.45,594529,COc1ccc(NC(=O)CN2CCN(c3ccc(F)cc3F)CC2)cc1OC
CHEMBL595273,77400.0,=,IC50,4.11,594533,COc1cccc(NC(=O)c2cccc(C(=O)Nc3cccc(OC)c3)c2)c1
CHEMBL610629,85000.0,=,Ki,4.07,593370,O=C(N[C@@H]1O[C@H](CO)[C@@H](O)[C@H](O)[C@H]1O)C1=COc2ccccc2O1
CHEMBL595439,28600.0,=,Ki,4.54,595697,O=C1NC(=O)[C@]2(N1)O[C@H](CO)[C@@H](O)[C@H](O)[C@H]2O
CHEMBL593790,59700.0,=,Ki,4.22,595752,O=C1NCC(O)NC12O[C@H](CO)[C@@H](O)[C@H](O)[C@H]2O
CHEMBL611940,39000.0,=,Ki,4.41,595769,O=C1N[C@@]2(O[C@H](CO)[C@@H](O)[C@H](O)[C@H]2O)C(=O)N1O
CHEMBL593092,6600.0,=,Ki,5.18,595576,COc1ccc(C2=NO[C@@]3(C2)O[C@H](CO)[C@@H](O)[C@H](O)[C@H]3O)cc1
CHEMBL594971,7900.0,=,Ki,5.1,595588,Cc1ccc(C2=NO[C@@]3(C2)O[C@H](CO)[C@@H](O)[C@H](O)[C@H]3O)cc1
CHEMBL594972,19600.0,=,Ki,4.71,595589,OC[C@H]1O[C@@]2(CC(c3ccccc3)=NO2)[C@H](O)[C@@H](O)[C@@H]1O
CHEMBL608390,92500.0,=,Ki,4.03,595597,O=[N+]([O-])c1ccc(C2=NO[C@@]3(C2)O[C@H](CO)[C@@H](O)[C@H](O)[C@H]3O)cc1
CHEMBL594021,630.0,=,Ki,6.2,595598,OC[C@H]1O[C@@]2(CC(c3ccc4ccccc4c3)=NO2)[C@H](O)[C@@H](O)[C@@H]1O
CHEMBL602068,26000.0,=,Ki,4.58,602603,OCc1cn([C@@H]2O[C@H](CO)[C@@H](O)[C@H](O)[C@H]2O)nn1
CHEMBL600003,36000.0,=,Ki,4.44,602676,OC[C@H]1O[C@@H](n2cc(-c3ccc4ccccc4c3)nn2)[C@H](O)[C@@H](O)[C@@H]1O
CHEMBL602068,14000.0,=,Ki,4.85,602603,OCc1cn([C@@H]2O[C@H](CO)[C@@H](O)[C@H](O)[C@H]2O)nn1
CHEMBL133097,16000.0,=,Ki,4.8,220683,COC(=O)N[C@]1(C(N)=O)O[C@H](CO)[C@@H](O)[C@H](O)[C@H]1O
CHEMBL602684,20000.0,=,Ki,4.7,602814,O=C(CO)N[C@@H]1O[C@H](CO)[C@@H](O)[C@H](O)[C@H]1O
CHEMBL488967,13000.0,=,Ki,4.89,491282,O=C(N[C@@H]1O[C@H](CO)[C@@H](O)[C@H](O)[C@H]1O)c1ccc2ccccc2c1
CHEMBL133097,16000.0,=,Ki,4.8,220683,COC(=O)N[C@]1(C(N)=O)O[C@H](CO)[C@@H](O)[C@H](O)[C@H]1O
CHEMBL168,22100.0,=,IC50,4.66,172779,CC1(C)CC[C@]2(C(=O)O)CC[C@]3(C)C(=CC[C@@H]4[C@@]5(C)CC[C@H](O)C(C)(C)[C@@H]5CC[C@]43C)[C@@H]2C1
CHEMBL169,15300.0,=,IC50,4.82,201200,C[C@@H]1[C@H]2C3=CC[C@@H]4[C@@]5(C)CC[C@H](O)C(C)(C)[C@@H]5CC[C@@]4(C)[C@]3(C)CC[C@@]2(C(=O)O)CC[C@H]1C
CHEMBL1080965,3500.0,=,IC50,5.46,618918,CC1(C)CC[C@]2(C(=O)O)CC[C@]3(C)C(=CC[C@@H]4[C@@]5(C)C[C@H](O)CC(C)(C)[C@@H]5CC[C@]43C)[C@@H]2C1
CHEMBL1080966,5500.0,=,IC50,5.26,618919,C[C@H]1CC[C@]2(C(=O)O)CC[C@]3(C)C(=CC[C@@H]4[C@@]5(C)C[C@H](O)CC(C)(C)[C@@H]5CC[C@]43C)[C@@H]2[C@H]1C
CHEMBL1081876,14900.0,=,IC50,4.83,618921,CC1(C)CC[C@]2(C(=O)O)CC[C@]3(C)C(=CC[C@@H]4[C@@]5(C)CC(=O)CC(C)(C)[C@@H]5CC[C@]43C)[C@@H]2C1
CHEMBL1077658,5600.0,=,IC50,5.25,617847,C[C@@H]1[C@H]2C3=CC[C@@H]4[C@@]5(C)C[C@@H](O)CC(C)(C)[C@@H]5CC[C@@]4(C)[C@]3(C)CC[C@@]2(C(=O)OCc2ccccc2)CCC1(C)C
CHEMBL1077726,8500.0,=,IC50,5.07,617917,CC1(C)CC[C@]2(C(=O)O)CC[C@]3(C)C(=CC[C@@H]4[C@@]5(C)C[C@@H](O)CC(C)(C)[C@@H]5CC[C@]43C)[C@@H]2C1
CHEMBL1077648,22300.0,=,IC50,4.65,617918,CC1CC[C@]2(C(=O)OCc3ccccc3)CC[C@]3(C)C(=CC[C@@H]4[C@@]5(C)C[C@H](O)CC(C)(C)[C@@H]5CC[C@]43C)[C@@H]2[C@H]1C
CHEMBL1077649,55800.0,=,IC50,4.25,617919,C[C@@H]1[C@H]2C3=CC[C@@H]4[C@@]5(C)C[C@@H](O)CC(C)(C)[C@@H]5CC[C@@]4(C)[C@]3(C)CC[C@@]2(C(=O)OCc2ccccc2)CC[C@H]1C
CHEMBL1078844,1200.0,=,IC50,5.92,617920,C[C@@H]1[C@H]2C3=CC[C@@H]4[C@@]5(C)C[C@@H](O)CC(C)(C)[C@@H]5CC[C@@]4(C)[C@]3(C)CC[C@@]2(C(=O)O)CC[C@H]1C
CHEMBL1078637,42400.0,=,IC50,4.37,617849,CC(=O)O[C@H]1CC(C)(C)[C@@H]2CC[C@]3(C)[C@H](CC=C4[C@@H]5CC(C)(C)CC[C@]5(C(=O)O)CC[C@]43C)[C@@]2(C)C1
CHEMBL1078845,80200.0,=,IC50,4.1,617922,CCC(=O)O[C@H]1CC(C)(C)[C@@H]2CC[C@]3(C)[C@H](CC=C4[C@@H]5CC(C)(C)CC[C@]5(C(=O)O)CC[C@]43C)[C@@]2(C)C1
CHEMBL1077652,75600.0,=,IC50,4.12,617924,CCCC(=O)O[C@H]1CC(C)(C)[C@@H]2CC[C@]3(C)[C@H](CC=C4[C@@H]5CC(C)(C)CC[C@]5(C(=O)O)CC[C@]43C)[C@@]2(C)C1
CHEMBL1077653,48400.0,=,IC50,4.32,617925,CC1(C)CC[C@]2(C(=O)OCc3ccccc3)CC[C@]3(C)C(=CC[C@@H]4[C@@]5(C)C[C@@H](OC(=O)c6ccccc6)CC(C)(C)[C@@H]5CC[C@]43C)[C@@H]2C1
CHEMBL1077654,40700.0,=,IC50,4.39,617926,CC1(C)CC[C@]2(C(=O)O)CC[C@]3(C)C(=CC[C@@H]4[C@@]5(C)C[C@@H](OC(=O)c6ccccc6)CC(C)(C)[C@@H]5CC[C@]43C)[C@@H]2C1
CHEMBL1077655,80900.0,=,IC50,4.09,617927,CC1(C)CC[C@]2(C(=O)OCc3ccccc3)CC[C@]3(C)C(=CC[C@@H]4[C@@]5(C)C[C@@H](OC(=O)CCC(=O)O)CC(C)(C)[C@@H]5CC[C@]43C)[C@@H]2C1
CHEMBL1078172,37200.0,=,IC50,4.43,618039,CC1(C)CC[C@]2(C(=O)OCCCBr)CC[C@]3(C)C(=CC[C@@H]4[C@@]5(C)C[C@H](O)CC(C)(C)[C@@H]5CC[C@]43C)[C@@H]2C1
CHEMBL1077656,48700.0,=,IC50,4.31,617928,CC1(C)CC[C@]2(C(=O)OCCCCBr)CC[C@]3(C)C(=CC[C@@H]4[C@@]5(C)C[C@H](O)CC(C)(C)[C@@H]5CC[C@]43C)[C@@H]2C1
CHEMBL1077770,23100.0,=,IC50,4.64,618087,C=CCOC(=O)[C@]12CCC(C)(C)C[C@H]1C1=CC[C@@H]3[C@@]4(C)C[C@H](O)CC(C)(C)[C@@H]4CC[C@@]3(C)[C@]1(C)CC2
CHEMBL1095543,46420.0,=,Ki,4.33,627925,O=C(Nc1ccn([C@@H]2O[C@H](CO)C(O)[C@H](F)C2O)c(=O)n1)c1ccccc1
CHEMBL1096135,6100.0,=,Ki,5.21,627973,O=c1ccn([C@@H]2O[C@H](CO)[C@@H](O)[C@H](O)[C@H]2O)c(=O)[nH]1
CHEMBL1096136,7700.0,=,Ki,5.11,627974,Nc1ccn([C@@H]2O[C@H](CO)[C@@H](O)[C@H](O)[C@H]2O)c(=O)n1
CHEMBL1277321,4600.0,=,Ki,5.34,713296,CC[C@H]1O[C@@H](NC(=S)N/N=C/c2ccc(F)cc2)[C@H](O)[C@@H](O)[C@@H]1O
CHEMBL1277692,26600.0,=,IC50,4.58,713671,CC[C@H]1O[C@@H](NC(=S)N/N=C/c2ccccc2O)[C@H](O)[C@@H](O)[C@@H]1O
CHEMBL1277599,50400.0,=,IC50,4.3,713577,CC[C@H]1O[C@@H](NC(=S)N/N=C/c2cccc(Br)c2)[C@H](O)[C@@H](O)[C@@H]1O
CHEMBL1277598,23200.0,=,IC50,4.63,713576,CC[C@H]1O[C@@H](NC(=S)N/N=C/c2cccc(Cl)c2)[C@H](O)[C@@H](O)[C@@H]1O
CHEMBL1277413,93200.0,=,IC50,4.03,713389,CC[C@H]1O[C@@H](NC(=S)N/N=C/c2ccc(Br)cc2)[C@H](O)[C@@H](O)[C@@H]1O
CHEMBL1277322,28300.0,=,IC50,4.55,713297,CC[C@H]1O[C@@H](NC(=S)N/N=C/c2ccc(Cl)cc2)[C@H](O)[C@@H](O)[C@@H]1O
CHEMBL1277321,5700.0,=,IC50,5.24,713296,CC[C@H]1O[C@@H](NC(=S)N/N=C/c2ccc(F)cc2)[C@H](O)[C@@H](O)[C@@H]1O
CHEMBL1277320,25700.0,=,IC50,4.59,713295,CC[C@H]1O[C@@H](NC(=S)N/N=C/c2ccc([N+](=O)[O-])cc2)[C@H](O)[C@@H](O)[C@@H]1O
CHEMBL23236,41500.0,=,IC50,4.38,30884,C=C(C)[C@@H]1CC[C@]2(CO)CC[C@]3(C)[C@H](CC[C@@H]4[C@@]5(C)CC[C@H](O)C(C)(C)[C@@H]5CC[C@]43C)[C@@H]12
CHEMBL1644919,210.0,=,IC50,6.68,1059957,C=C(C)[C@@H]1CC[C@]2(COC(c3ccccc3)(c3ccccc3)c3ccccc3)CC[C@]3(C)[C@H](CC[C@@H]4[C@@](C)(CC(=O)O)[C@H](C(C)(C)C(=O)O)CC[C@]43C)[C@@H]12
CHEMBL1644920,2870.0,=,IC50,5.54,1059958,C=C(C)[C@@H]1CC[C@]2(COC(c3ccccc3)(c3ccccc3)c3ccccc3)CC[C@]3(C)[C@H](CC[C@@H]4[C@@](C)(CC(=O)OC)[C@H](C(C)(C)C(=O)OC)CC[C@]43C)[C@@H]12
CHEMBL1644921,20100.0,=,IC50,4.7,1059959,C=C(C)[C@@H]1CC[C@]2(COC(c3ccccc3)(c3ccccc3)c3ccccc3)CC[C@]3(C)[C@H](CC[C@@H]4[C@@]5(C)[C@H](C(=O)OC)[C@H](O)C(C)(C)[C@@H]5CC[C@]43C)[C@@H]12
CHEMBL1644922,15200.0,=,IC50,4.82,1059960,C=C(C)[C@@H]1CC[C@]2(COC(c3ccccc3)(c3ccccc3)c3ccccc3)CC[C@]3(C)[C@H](CC[C@@H]4[C@@]5(C)[C@H](C(=O)OC)[C@H](OC(C)=O)C(C)(C)[C@@H]5CC[C@]43C)[C@@H]12
CHEMBL1644924,53800.0,=,IC50,4.27,1059962,C=C(C)[C@@H]1CC[C@]2(C=O)CC[C@]3(C)[C@H](CC[C@@H]4[C@@]5(C)[C@H](C(=O)OC)[C@H](OC(C)=O)C(C)(C)[C@@H]5CC[C@]43C)[C@@H]12
CHEMBL1644925,46400.0,=,IC50,4.33,1059963,C=C(C)[C@@H]1CC[C@]2(C(=O)O)CC[C@]3(C)[C@H](CC[C@@H]4[C@@]5(C)[C@H](C(=O)OC)[C@H](OC(C)=O)C(C)(C)[C@@H]5CC[C@]43C)[C@@H]12
CHEMBL202456,66000.0,=,IC50,4.18,338595,CC1(C)CC[C@]2(C(=O)OCn3cccn3)CC[C@]3(C)C(=CC[C@@H]4[C@@]5(C)C[C@@H](O)[C@H](O)C(C)(C)[C@@H]5CC[C@]43C)[C@@H]2C1
CHEMBL383692,31000.0,=,IC50,4.51,339455,CC1(C)CC[C@]2(C(=O)OCCN3CCCCC3)CC[C@]3(C)C(=CC[C@@H]4[C@@]5(C)C[C@@H](O)[C@H](O)C(C)(C)[C@@H]5CC[C@]43C)[C@@H]2C1
CHEMBL204314,43000.0,=,IC50,4.37,339456,CC1(C)CC[C@]2(C(=O)OCCN3CCOCC3)CC[C@]3(C)C(=CC[C@@H]4[C@@]5(C)C[C@@H](O)[C@H](O)C(C)(C)[C@@H]5CC[C@]43C)[C@@H]2C1
CHEMBL372990,66000.0,=,IC50,4.18,338971,CC1(C)CC[C@]2(C(=O)OCc3ccccc3)CC[C@]3(C)C(=CC[C@@H]4[C@@]5(C)C[C@@H](O)[C@@H](O)C(C)(C)[C@@H]5CC[C@]43C)[C@@H]2C1
CHEMBL381895,29000.0,=,IC50,4.54,338826,CC1(C)CC[C@]2(C(=O)OCc3ccccc3)CC[C@]3(C)C(=CC[C@@H]4[C@@]5(C)C[C@@H](O)C(=O)C(C)(C)[C@@H]5CC[C@]43C)[C@@H]2C1
CHEMBL391533,20000.0,=,IC50,4.7,399211,C[C@@H]1[C@H]2C3=CC[C@@H]4[C@@]5(C)C[C@@H](O)[C@H](O)C(C)(C)[C@@H]5CC[C@@]4(C)[C@]3(C)CC[C@@]2(C(=O)O)CC[C@H]1C
CHEMBL394202,33700.0,=,IC50,4.47,399228,COC(=O)[C@]12CC[C@@H](C)[C@H](C)[C@H]1C1=CC[C@@H]3[C@@]4(C)C[C@@H](O)[C@H](O)C(C)(C)[C@@H]4CC[C@@]3(C)[C@]1(C)CC2
CHEMBL391948,46700.0,=,IC50,4.33,399229,CCOC(=O)[C@]12CC[C@@H](C)[C@H](C)[C@H]1C1=CC[C@@H]3[C@@]4(C)C[C@@H](O)[C@H](O)C(C)(C)[C@@H]4CC[C@@]3(C)[C@]1(C)CC2
CHEMBL238185,82500.0,=,IC50,4.08,399230,CCCOC(=O)[C@]12CC[C@@H](C)[C@H](C)[C@H]1C1=CC[C@@H]3[C@@]4(C)C[C@@H](O)[C@H](O)C(C)(C)[C@@H]4CC[C@@]3(C)[C@]1(C)CC2
CHEMBL1797301,91200.0,=,IC50,4.04,1160359,C[C@@H]1[C@H]2C3=CC[C@@H]4[C@@]5(C)C[C@@H](O)[C@H](O)C(C)(C)[C@@H]5CC[C@@]4(C)[C@]3(C)CC[C@@]2(C(=O)OC2CC2)CC[C@H]1C
CHEMBL238186,92100.0,=,IC50,4.04,399231,CCCCOC(=O)[C@]12CC[C@@H](C)[C@H](C)[C@H]1C1=CC[C@@H]3[C@@]4(C)C[C@@H](O)[C@H](O)C(C)(C)[C@@H]4CC[C@@]3(C)[C@]1(C)CC2
CHEMBL390727,41200.0,=,IC50,4.38,399216,C[C@@H]1[C@H]2C3=CC[C@@H]4[C@@]5(C)C[C@@H](O)[C@H](O)C(C)(C)[C@@H]5CC[C@@]4(C)[C@]3(C)CC[C@@]2(C(=O)OCc2ccccc2)CC[C@H]1C
CHEMBL236932,62100.0,=,IC50,4.21,399233,C[C@@H]1[C@H]2C3=CC[C@@H]4[C@@]5(C)C[C@@H](O)[C@H](O)C(C)(C)[C@@H]5CC[C@@]4(C)[C@]3(C)CC[C@@]2(C(=O)OCn2cccn2)CC[C@H]1C
CHEMBL404313,17000.0,=,IC50,4.77,433672,C[C@@H]1[C@H]2C3=CC[C@@H]4[C@@]5(C)C[C@@H](O)[C@H](O)[C@@](C)(CO)[C@@H]5CC[C@@]4(C)[C@]3(C)CC[C@@]2(C(=O)O)CC[C@H]1C
CHEMBL392645,31800.0,=,IC50,4.5,399215,C[C@@H]1[C@H]2C3=CC[C@@H]4[C@@]5(C)C[C@@H](O)C(=O)C(C)(C)[C@@H]5CC[C@@]4(C)[C@]3(C)CC[C@@]2(C(=O)OCc2ccccc2)CC[C@H]1C
CHEMBL235667,37700.0,=,IC50,4.42,399290,CC(=O)O[C@@H]1C[C@@]2(C)[C@@H](CC[C@]3(C)[C@@H]2CC=C2[C@@H]4[C@@H](C)[C@H](C)CC[C@]4(C(=O)O)CC[C@]23C)C(C)(C)[C@H]1O
CHEMBL439220,77900.0,=,IC50,4.11,399308,CCCC(=O)O[C@@H]1C[C@@]2(C)[C@@H](CC[C@]3(C)[C@@H]2CC=C2[C@@H]4[C@@H](C)[C@H](C)CC[C@]4(C(=O)O)CC[C@]23C)C(C)(C)[C@H]1O
CHEMBL238219,3260.0,=,IC50,5.49,399309,CCCCCC(=O)O[C@@H]1C[C@@]2(C)[C@@H](CC[C@]3(C)[C@@H]2CC=C2[C@@H]4[C@@H](C)[C@H](C)CC[C@]4(C(=O)O)CC[C@]23C)C(C)(C)[C@H]1O
CHEMBL395906,5100.0,=,IC50,5.29,399312,C[C@@H]1[C@H]2C3=CC[C@@H]4[C@@]5(C)C[C@@H](OC(=O)c6ccccc6)[C@H](O)C(C)(C)[C@@H]5CC[C@@]4(C)[C@]3(C)CC[C@@]2(C(=O)O)CC[C@H]1C
CHEMBL397155,35000.0,=,IC50,4.46,399277,CC(=O)O[C@@H]1C[C@@]2(C)[C@@H](CC[C@]3(C)[C@@H]2CC=C2[C@@H]4[C@@H](C)[C@H](C)CC[C@]4(C(=O)O)CC[C@]23C)C(C)(C)[C@H]1OC(C)=O
CHEMBL397365,73700.0,=,IC50,4.13,399281,CCC(=O)O[C@@H]1C[C@@]2(C)[C@@H](CC[C@]3(C)[C@@H]2CC=C2[C@@H]4[C@@H](C)[C@H](C)CC[C@]4(C(=O)O)CC[C@]23C)C(C)(C)[C@H]1OC(=O)CC
CHEMBL236090,78700.0,=,IC50,4.1,399282,CCCC(=O)O[C@@H]1C[C@@]2(C)[C@@H](CC[C@]3(C)[C@@H]2CC=C2[C@@H]4[C@@H](C)[C@H](C)CC[C@]4(C(=O)O)CC[C@]23C)C(C)(C)[C@H]1OC(=O)CCC
CHEMBL1797304,43400.0,=,IC50,4.36,1160362,COS(=O)(=O)[C@@H]1C[C@@]2(C)[C@@H](CC[C@]3(C)[C@@H]2CC=C2[C@@H]4[C@@H](C)[C@H](C)CC[C@]4(C(=O)OCc4ccccc4)CC[C@]23C)C(C)(C)[C@H]1O
CHEMBL1797305,33000.0,=,IC50,4.48,1160363,COC(=O)[C@]1(C)[C@@H](OC(C)=O)[C@H](OC(C)=O)C[C@@]2(C)[C@H]1CC[C@]1(C)[C@@H]2CC=C2[C@@H]3[C@@H](C)[C@H](C)CC[C@]3(C(=O)O)CC[C@]21C
CHEMBL1797306,10000.0,=,IC50,5.0,1160364,CCCOC(=O)[C@]1(C)[C@@H](OC(=O)CCC)[C@H](OC(=O)CCC)C[C@@]2(C)[C@H]1CC[C@]1(C)[C@@H]2CC=C2[C@@H]3[C@@H](C)[C@H](C)CC[C@]3(C(=O)O)CC[C@]21C
CHEMBL482673,34000.0,=,IC50,4.47,507988,CC1(C)CC[C@]2(C(=O)O)CC[C@]3(C)C(=CC[C@@H]4[C@@]5(C)C[C@H](O)[C@H](O)C(C)(C)[C@@H]5CC[C@]43C)[C@@H]2C1
CHEMBL1797307,21700.0,=,IC50,4.66,1160365,CC1(C)CC[C@]2(C(=O)OCc3ccccc3)CC[C@]3(C)C(=CC[C@@H]4[C@@]5(C)C[C@H](O)[C@H](O)C(C)(C)[C@@H]5CC[C@]43C)[C@@H]2C1
CHEMBL1797308,67800.0,=,IC50,4.17,1160366,CC1(C)CC[C@]2(C(=O)O)CC[C@]3(C)C(=CC[C@@H]4[C@@]5(C)C[C@H](O)[C@H](O)[C@@](C)(CO)[C@@H]5CC[C@]43C)[C@@H]2C1
CHEMBL1797309,52900.0,=,IC50,4.28,1160367,CC1(C)CC[C@]2(C(=O)OCc3ccccc3)CC[C@]3(C)C(=CC[C@@H]4[C@@]5(C)CC(=O)[C@H](O)C(C)(C)[C@@H]5CC[C@]43C)[C@@H]2C1
CHEMBL397935,69500.0,=,IC50,4.16,399318,C[C@@H]1[C@H]2C3=CC[C@@H]4[C@@]5(C)C[C@@H]6O[C@@H]6C(C)(C)[C@@H]5CC[C@@]4(C)[C@]3(C)CC[C@@]2(C(=O)OCc2ccccc2)CC[C@H]1C
CHEMBL1797310,28200.0,=,IC50,4.55,1160368,CC1(C)CC[C@]2(C(=O)O)CC[C@]3(C)C(=CC[C@@H]4[C@@]5(C)C/C(=N\O)[C@H](O)C(C)(C)[C@@H]5CC[C@]43C)[C@@H]2C1
CHEMBL1797312,26100.0,=,IC50,4.58,1160370,CC1(C)CC[C@]2(C(=O)O)CC[C@]3(C)C(=CC[C@@H]4[C@@]5(C)C/C(=N\O)C(=O)C(C)(C)[C@@H]5CC[C@]43C)[C@@H]2C1
CHEMBL1797313,46800.0,=,IC50,4.33,1160371,CC1(C)CC[C@]2(C(=O)OCc3ccccc3)CC[C@]3(C)C(=CC[C@@H]4[C@@]5(C)C/C(=N\O)C(=O)C(C)(C)[C@@H]5CC[C@]43C)[C@@H]2C1
CHEMBL1797314,82900.0,=,IC50,4.08,1160372,C[C@@H]1[C@H]2C3=CC[C@@H]4[C@@]5(C)C/C(=N\O)C(=O)C(C)(C)[C@@H]5CC[C@@]4(C)[C@]3(C)CC[C@@]2(C(=O)OCc2ccccc2)CC[C@H]1C
CHEMBL1797315,22300.0,=,IC50,4.65,1160373,CC1(C)CC[C@]2(C(=O)OCc3ccccc3)CC[C@]3(C)C(=CC[C@@H]4[C@@]5(C)CC(=N\O)/C(=N\O)C(C)(C)[C@@H]5CC[C@]43C)[C@@H]2C1
CHEMBL1797316,61300.0,=,IC50,4.21,1160374,CC1(C)CC[C@]2(C(=O)OCc3ccccc3)CC[C@]3(C)C(=CC[C@@H]4[C@@]5(C)C/C(=N\OCc6ccccc6)C(=O)C(C)(C)[C@@H]5CC[C@]43C)[C@@H]2C1
CHEMBL1797317,8000.0,=,IC50,5.1,1160375,CC1(C)CC[C@]2(C(=O)OCc3ccccc3)CC[C@]3(C)C(=CC[C@@H]4[C@@]5(C)C/C(=N\OCc6ccc(Cl)cc6Cl)C(=O)C(C)(C)[C@@H]5CC[C@]43C)[C@@H]2C1
CHEMBL1797318,12700.0,=,IC50,4.9,1160376,CC1(C)CC[C@]2(C(=O)O)CC[C@]3(C)C(=CC[C@@H]4[C@@]5(C)CC6C=NOC6C(C)(C)[C@@H]5CC[C@]43C)[C@@H]2C1
CHEMBL1797319,19600.0,=,IC50,4.71,1160377,CC1(C)CC[C@]2(C(=O)OCc3ccccc3)CC[C@]3(C)C(=CC[C@@H]4[C@@]5(C)CC6C=NOC6C(C)(C)[C@@H]5CC[C@]43C)[C@@H]2C1
CHEMBL1797320,11200.0,=,IC50,4.95,1160378,CC1(C)CC[C@]2(C(=O)O)CC[C@]3(C)C(=CC[C@@H]4[C@@]5(C)Cc6nonc6C(C)(C)[C@@H]5CC[C@]43C)[C@@H]2C1
CHEMBL1797321,66300.0,=,IC50,4.18,1160379,C[C@@H]1[C@H]2C3=CC[C@@H]4[C@@]5(C)Cc6nonc6C(C)(C)[C@@H]5CC[C@@]4(C)[C@]3(C)CC[C@@]2(C(=O)O)CC[C@H]1C
CHEMBL572899,35100.0,=,IC50,4.46,571295,CC1(C)CC[C@]2(C(=O)O)CC[C@]3(C)C(=CC[C@@H]4[C@@]5(C)Cc6cnn(-c7ccccc7)c6C(C)(C)[C@@H]5CC[C@]43C)[C@@H]2C1
CHEMBL1797419,18300.0,=,IC50,4.74,1160478,Cc1ccc(-n2ncc3c2C(C)(C)[C@@H]2CC[C@]4(C)[C@H](CC=C5[C@@H]6CC(C)(C)CC[C@]6(C(=O)O)CC[C@]54C)[C@@]2(C)C3)cc1
CHEMBL1797421,46900.0,=,IC50,4.33,1160480,CC1(C)CC[C@]2(C(=O)O)CC[C@]3(C)C(=CC[C@@H]4[C@@]5(C)Cc6cnn(-c7cc(F)cc(F)c7)c6C(C)(C)[C@@H]5CC[C@]43C)[C@@H]2C1
CHEMBL1797422,69600.0,=,IC50,4.16,1160481,CC(C)c1ccc(-n2ncc3c2C(C)(C)[C@@H]2CC[C@]4(C)[C@H](CC=C5[C@@H]6CC(C)(C)CC[C@]6(C(=O)O)CC[C@]54C)[C@@]2(C)C3)cc1
CHEMBL1797424,11200.0,=,IC50,4.95,1160483,CC1(C)CC[C@]2(C(=O)OCc3ccccc3)CC[C@]3(C)C(=CC[C@@H]4[C@@]5(C)Cc6cnn(-c7ccc(Cl)cc7)c6C(C)(C)[C@@H]5CC[C@]43C)[C@@H]2C1
CHEMBL1797425,13100.0,=,IC50,4.88,1160484,COc1ccc(-n2ncc3c2C(C)(C)[C@@H]2CC[C@]4(C)[C@H](CC=C5[C@@H]6CC(C)(C)CC[C@]6(C(=O)OCc6ccccc6)CC[C@]54C)[C@@]2(C)C3)cc1
CHEMBL574391,7800.0,=,IC50,5.11,571314,CC1(C)CC[C@]2(C(=O)O)CC[C@]3(C)C(=CC[C@@H]4[C@@]5(C)Cc6cn[nH]c6C(C)(C)[C@@H]5CC[C@]43C)[C@@H]2C1
CHEMBL1797426,8100.0,=,IC50,5.09,1160485,CC1(C)CC[C@]2(C(=O)OCc3ccccc3)CC[C@]3(C)C(=CC[C@@H]4[C@@]5(C)Cc6c[nH]nc6C(C)(C)[C@@H]5CC[C@]43C)[C@@H]2C1
CHEMBL1797427,24700.0,=,IC50,4.61,1160486,CC1(C)CC[C@]2(COC(=O)CCC(=O)O)CC[C@]3(C)C(=CC[C@@H]4[C@@]5(C)Cc6c[nH]nc6C(C)(C)[C@@H]5CC[C@]43C)[C@@H]2C1
CHEMBL1797428,40400.0,=,IC50,4.39,1160487,C[C@@H]1[C@H]2C3=CC[C@@H]4[C@@]5(C)Cc6c[nH]nc6C(C)(C)[C@@H]5CC[C@@]4(C)[C@]3(C)CC[C@@]2(C(=O)O)CC[C@H]1C
CHEMBL1797429,72900.0,=,IC50,4.14,1160488,C[C@@H]1[C@H]2C3=CC[C@@H]4[C@@]5(C)Cc6c[nH]nc6C(C)(C)[C@@H]5CC[C@@]4(C)[C@]3(C)CC[C@@]2(C(=O)OCc2ccccc2)CC[C@H]1C
CHEMBL1797431,64600.0,=,IC50,4.19,1160490,CCn1cc2c(n1)C(C)(C)[C@@H]1CC[C@]3(C)[C@H](CC=C4[C@@H]5CC(C)(C)CC[C@]5(C(=O)OCc5ccccc5)CC[C@]43C)[C@@]1(C)C2
CHEMBL1797432,20500.0,=,IC50,4.69,1160491,CC1(C)CC[C@]2(C(=O)OCc3ccccc3)CC[C@]3(C)C(=CC[C@@H]4[C@@]5(C)Cc6cn(C7CC7)nc6C(C)(C)[C@@H]5CC[C@]43C)[C@@H]2C1
CHEMBL1797433,47100.0,=,IC50,4.33,1160492,CC1(C)CC[C@]2(C(=O)OCc3ccccc3)CC[C@]3(C)C(=CC[C@@H]4[C@@]5(C)Cc6cn(CC(=O)O)nc6C(C)(C)[C@@H]5CC[C@]43C)[C@@H]2C1
CHEMBL1797437,53800.0,=,IC50,4.27,1160496,CC(=O)n1cc2c(n1)C(C)(C)[C@@H]1CC[C@]3(C)[C@H](CC=C4[C@@H]5CC(C)(C)CC[C@]5(C(=O)O)CC[C@]43C)[C@@]1(C)C2
CHEMBL1797438,49300.0,=,IC50,4.31,1160497,CC1(C)CC[C@]2(C(=O)O)CC[C@]3(C)C(=CC[C@@H]4[C@@]5(C)Cc6cn(S(C)(=O)=O)nc6C(C)(C)[C@@H]5CC[C@]43C)[C@@H]2C1
CHEMBL1797439,37200.0,=,IC50,4.43,1160498,CCC(=O)n1cc2c(n1)C(C)(C)[C@@H]1CC[C@]3(C)[C@H](CC=C4[C@@H]5CC(C)(C)CC[C@]5(C(=O)O)CC[C@]43C)[C@@]1(C)C2
CHEMBL23236,17000.0,=,IC50,4.77,30884,C=C(C)[C@@H]1CC[C@]2(CO)CC[C@]3(C)[C@H](CC[C@@H]4[C@@]5(C)CC[C@H](O)C(C)(C)[C@@H]5CC[C@]43C)[C@@H]12
CHEMBL269277,43000.0,=,IC50,4.37,1763,C=C(C)[C@@H]1CC[C@]2(C(=O)O)CC[C@]3(C)[C@H](CC[C@@H]4[C@@]5(C)CC[C@H](O)C(C)(C)[C@@H]5CC[C@]43C)[C@@H]12
CHEMBL251308,16000.0,=,IC50,4.8,413489,C=C(C)[C@@H]1CC[C@]2(C(=O)O)CC[C@]3(C)[C@H](CC[C@@H]4[C@@]5(C)CC[C@H](O)[C@@](C)(CO)[C@@H]5CC[C@]43C)[C@@H]12
CHEMBL383331,30000.0,=,IC50,4.52,339454,CC1(C)CC[C@]2(C(=O)OCc3ccccc3)CC[C@]3(C)C(=CC[C@@H]4[C@@]5(C)C=C(O)C(=O)C(C)(C)[C@@H]5CC[C@]43C)[C@@H]2C1
CHEMBL392670,7310.0,=,IC50,5.14,399218,C[C@@H]1[C@H]2C3=CC[C@@H]4[C@@]5(C)C=C(O)C(=O)C(C)(C)[C@@H]5CC[C@@]4(C)[C@]3(C)CC[C@@]2(C(=O)OCc2ccccc2)CC[C@H]1C
CHEMBL1078407,3235.94,=,IC50,5.49,618920,CC1(C)CC[C@]2(C(=O)OCc3ccccc3)CC[C@]3(C)C(=CC[C@@H]4[C@@]5(C)CC(=O)CC(C)(C)[C@@H]5CC[C@]43C)[C@@H]2C1
CHEMBL1077661,4168.69,=,IC50,5.38,617852,CC1(C)CC[C@]2(C(=O)OCc3ccccc3)CC[C@]3(C)C(=CC[C@@H]4[C@@]5(C)C[C@H](O)CC(C)(C)[C@@H]5CC[C@]43C)[C@@H]2C1
CHEMBL1077972,28183.83,=,IC50,4.55,617985,COC(=O)[C@]12CCC(C)(C)C[C@H]1C1=CC[C@@H]3[C@@]4(C)C[C@H](O)CC(C)(C)[C@@H]4CC[C@@]3(C)[C@]1(C)CC2
CHEMBL1077973,15135.61,=,IC50,4.82,617986,CCOC(=O)[C@]12CCC(C)(C)C[C@H]1C1=CC[C@@H]3[C@@]4(C)C[C@H](O)CC(C)(C)[C@@H]4CC[C@@]3(C)[C@]1(C)CC2
CHEMBL1077974,27542.29,=,IC50,4.56,617987,CCCOC(=O)[C@]12CCC(C)(C)C[C@H]1C1=CC[C@@H]3[C@@]4(C)C[C@H](O)CC(C)(C)[C@@H]4CC[C@@]3(C)[C@]1(C)CC2
CHEMBL1796861,22908.68,=,IC50,4.64,1159915,CC1(C)CC[C@]2(C(=O)OC3CC3)CC[C@]3(C)C(=CC[C@@H]4[C@@]5(C)C[C@H](O)CC(C)(C)[C@@H]5CC[C@]43C)[C@@H]2C1
CHEMBL1077758,13803.84,=,IC50,4.86,618037,CCCCOC(=O)[C@]12CCC(C)(C)C[C@H]1C1=CC[C@@H]3[C@@]4(C)C[C@H](O)CC(C)(C)[C@@H]4CC[C@@]3(C)[C@]1(C)CC2
CHEMBL1078171,25118.86,=,IC50,4.6,618038,CC1(C)CC[C@]2(C(=O)OCCBr)CC[C@]3(C)C(=CC[C@@H]4[C@@]5(C)C[C@H](O)CC(C)(C)[C@@H]5CC[C@]43C)[C@@H]2C1
CHEMBL1078508,22387.21,=,IC50,4.65,618040,CCOC(=O)COC(=O)[C@]12CCC(C)(C)C[C@H]1C1=CC[C@@H]3[C@@]4(C)C[C@H](O)CC(C)(C)[C@@H]4CC[C@@]3(C)[C@]1(C)CC2
CHEMBL1078409,16218.1,=,IC50,4.79,618924,CC1(C)CC[C@]2(C(=O)OCc3ccccc3)CC[C@]3(C)C(=CC[C@@H]4[C@@]5(C)C/C(=N\O)CC(C)(C)[C@@H]5CC[C@]43C)[C@@H]2C1
CHEMBL1078408,23988.33,=,IC50,4.62,618922,C[C@@H]1[C@H]2C3=CC[C@@H]4[C@@]5(C)CC(=O)CC(C)(C)[C@@H]5CC[C@@]4(C)[C@]3(C)CC[C@@]2(C(=O)OCc2ccccc2)CC[C@H]1C
CHEMBL1796862,22387.21,=,IC50,4.65,1159916,C[C@@H]1[C@H]2C3=CC[C@@H]4[C@@]5(C)C[C@H](O)CC(C)(C)[C@@H]5CC[C@@]4(C)[C@]3(C)CC[C@@]2(C(=O)OCc2ccccc2)CC[C@H]1C
CHEMBL1077660,20417.38,=,IC50,4.69,617850,C[C@@H]1[C@H]2C3=CC[C@@H]4[C@@]5(C)C/C(=N\O)CC(C)(C)[C@@H]5CC[C@@]4(C)[C@]3(C)CC[C@@]2(C(=O)OCc2ccccc2)CC[C@H]1C
CHEMBL1796863,14125.38,=,IC50,4.85,1159917,CC1(C)CC[C@]2(C(=O)OCCCCCCN)CC[C@]3(C)C(=CC[C@@H]4[C@@]5(C)CC[C@H](O)C(C)(C)[C@@H]5CC[C@]43C)[C@@H]2C1
CHEMBL1796864,12589.25,=,IC50,4.9,1159918,CCCCNCCCCCCOC(=O)[C@]12CCC(C)(C)C[C@H]1C1=CC[C@@H]3[C@@]4(C)CC[C@H](O)C(C)(C)[C@@H]4CC[C@@]3(C)[C@]1(C)CC2
CHEMBL1796865,28183.83,=,IC50,4.55,1159919,Cc1ccc(NCCCCCCOC(=O)[C@]23CCC(C)(C)C[C@H]2C2=CC[C@@H]4[C@@]5(C)CC[C@H](O)C(C)(C)[C@@H]5CC[C@@]4(C)[C@]2(C)CC3)cc1
CHEMBL1796866,1148.15,=,IC50,5.94,1159920,CO[C@H]1O[C@H](Cn2cc(COC(=O)[C@]34CCC(C)(C)C[C@H]3C3=CC[C@@H]5[C@@]6(C)CC[C@H](O)C(C)(C)[C@@H]6CC[C@@]5(C)[C@]3(C)CC4)nn2)[C@@H](O)[C@H](O)[C@H]1O
CHEMBL1796867,12302.69,=,IC50,4.91,1159921,CC(=O)OCCCCCCOC(=O)[C@H](O)CC(=O)OCCCCCCOC(=O)[C@]12CCC(C)(C)C[C@H]1C1=CC[C@@H]3[C@@]4(C)CC[C@H](O)C(C)(C)[C@@H]4CC[C@@]3(C)[C@]1(C)CC2
CHEMBL1796868,20892.96,=,IC50,4.68,1159922,CC(=O)OCc1cn(CCCCCCn2cc(COC(=O)[C@]34CCC(C)(C)C[C@H]3C3=CC[C@@H]5[C@@]6(C)CC[C@H](O)C(C)(C)[C@@H]6CC[C@@]5(C)[C@]3(C)CC4)nn2)nn1
CHEMBL1796869,12589.25,=,IC50,4.9,1159923,CC1(C)CC[C@]2(C(=O)OCc3ccccc3)CC[C@]3(C)C(=CC[C@@H]4[C@@]5(C)CC[C@H](OC(=O)CCl)C(C)(C)[C@@H]5CC[C@]43C)[C@@H]2C1
CHEMBL1796870,12589.25,=,IC50,4.9,1159924,CC1(C)CC[C@]2(C(=O)OCc3ccccc3)CC[C@]3(C)C(=CC[C@@H]4[C@@]5(C)CC[C@H](OC(=O)CN=[N+]=[N-])C(C)(C)[C@@H]5CC[C@]43C)[C@@H]2C1
CHEMBL1796871,19952.62,=,IC50,4.7,1159925,CCN(CC)CC(=O)O[C@H]1CC[C@@]2(C)[C@@H](CC[C@]3(C)[C@@H]2CC=C2[C@@H]4CC(C)(C)CC[C@]4(C(=O)OCc4ccccc4)CC[C@]23C)C1(C)C
CHEMBL1796872,16218.1,=,IC50,4.79,1159926,CC1(C)CC[C@]2(C(=O)OCc3ccccc3)CC[C@]3(C)C(=CC[C@@H]4[C@@]5(C)CC[C@H](OC(=O)c6ccc([N+](=O)[O-])cc6)C(C)(C)[C@@H]5CC[C@]43C)[C@@H]2C1
CHEMBL1796873,2137.96,=,IC50,5.67,1159927,CC1(C)CC[C@]2(C(=O)OCc3ccccc3)CC[C@]3(C)C(=CC[C@@H]4[C@@]5(C)CC[C@H](OC(=O)c6ccc(N)cc6)C(C)(C)[C@@H]5CC[C@]43C)[C@@H]2C1
CHEMBL1796874,5370.32,=,IC50,5.27,1193530,CC1(C)CC[C@]2(C(=O)OCc3ccccc3)CC[C@]3(C)C(=CC[C@@H]4[C@@]5(C)CC[C@H](OC(=O)[n+]6ccccc6)C(C)(C)[C@@H]5CC[C@]43C)[C@@H]2C1
CHEMBL1796875,27542.29,=,IC50,4.56,1159929,CC1(C)CC[C@]2(C(=O)OCc3ccccc3)CC[C@]3(C)C(=CC[C@@H]4[C@@]5(C)CC[C@H](OC(=O)Cn6cc(COC(=O)Cc7ccccc7)nn6)C(C)(C)[C@@H]5CC[C@]43C)[C@@H]2C1
CHEMBL1796876,7762.47,=,IC50,5.11,1159930,CCCCCCCCCCCC(=O)OCc1cn(CC(=O)O[C@H]2CC[C@@]3(C)[C@@H](CC[C@]4(C)[C@@H]3CC=C3[C@@H]5CC(C)(C)CC[C@]5(C(=O)OCc5ccccc5)CC[C@]34C)C2(C)C)nn1
CHEMBL1796877,17378.01,=,IC50,4.76,1159931,COC(=O)[C@H](Cc1ccc(OCc2cn(CC(=O)O[C@H]3CC[C@@]4(C)[C@@H](CC[C@]5(C)[C@@H]4CC=C4[C@@H]6CC(C)(C)CC[C@]6(C(=O)OCc6ccccc6)CC[C@]45C)C3(C)C)nn2)cc1)NC(=O)OC(C)(C)C
CHEMBL1796878,2238.72,=,IC50,5.65,1159932,CC(=O)O[C@H]1CC[C@@]2(C)[C@@H](CC[C@]3(C)[C@@H]2CC=C2[C@@H]4CC(C)(C)CC[C@]4(C(=O)OC[C@H](O)[C@H]4OC(=O)C(O)=C4O)CC[C@]23C)C1(C)C
CHEMBL1796879,3235.94,=,IC50,5.49,1159933,CC(=O)NCCNCCNC(=O)[C@]12CCC(C)(C)C[C@H]1C1=CC[C@@H]3[C@@]4(C)CC[C@H](OC(C)=O)C(C)(C)[C@@H]4CC[C@@]3(C)[C@]1(C)CC2
CHEMBL1796880,10232.93,=,IC50,4.99,1159934,C[C@@H]1[C@H]2C3=CC[C@@H]4[C@@]5(C)CC[C@H](O)C(C)(C)[C@@H]5CC[C@@]4(C)[C@]3(C)CC[C@@]2(C(=O)OCCBr)CC[C@H]1C
CHEMBL1797009,25703.96,=,IC50,4.59,1160064,C[C@@H]1[C@H]2C3=CC[C@@H]4[C@@]5(C)CC[C@H](O)C(C)(C)[C@@H]5CC[C@@]4(C)[C@]3(C)CC[C@@]2(C(=O)OCCNC2CCCCC2)CC[C@H]1C
CHEMBL1797010,1513.56,=,IC50,5.82,1160065,CC(=O)O[C@H]1CC[C@@]2(C)[C@@H](CC[C@]3(C)[C@@H]2CC=C2[C@@H]4[C@@H](C)[C@H](C)CC[C@]4(C(=O)OC[C@H](O)[C@H]4OC(=O)C(O)=C4O)CC[C@]23C)C1(C)C
CHEMBL1080965,22908.68,=,IC50,4.64,618918,CC1(C)CC[C@]2(C(=O)O)CC[C@]3(C)C(=CC[C@@H]4[C@@]5(C)C[C@H](O)CC(C)(C)[C@@H]5CC[C@]43C)[C@@H]2C1
CHEMBL1077726,16218.1,=,IC50,4.79,617917,CC1(C)CC[C@]2(C(=O)O)CC[C@]3(C)C(=CC[C@@H]4[C@@]5(C)C[C@@H](O)CC(C)(C)[C@@H]5CC[C@]43C)[C@@H]2C1
CHEMBL1078636,13182.57,=,IC50,4.88,617846,CC1(C)CC[C@]2(C(=O)O)CC[C@]3(C)C(=CC[C@@H]4[C@@]5(C)C/C(=N\O)CC(C)(C)[C@@H]5CC[C@]43C)[C@@H]2C1
CHEMBL1797011,30902.95,=,IC50,4.51,1160066,CC1(C)CC[C@]2(C(=O)O)CC[C@]3(C)C(=CC[C@@H]4[C@@]5(C)CC[C@H](OC(=O)Cn6cc(COC(=O)Cc7ccccc7)nn6)C(C)(C)[C@@H]5CC[C@]43C)[C@@H]2C1
CHEMBL1797012,2570.4,=,IC50,5.59,1160067,COCc1cn(CCCCCCn2cc(CO[C@H]3CC[C@@]4(C)[C@@H](CC[C@]5(C)[C@@H]4CC=C4[C@@H]6CC(C)(C)CC[C@]6(C(=O)O)CC[C@]45C)C3(C)C)nn2)nn1
CHEMBL1797013,20417.38,=,IC50,4.69,1160068,C[C@@H]1[C@H]2C3=CC[C@@H]4[C@@]5(C)C[C@H](O)CC(C)(C)[C@@H]5CC[C@@]4(C)[C@]3(C)CC[C@@]2(C(=O)O)CC[C@H]1C
CHEMBL1081877,28840.32,=,IC50,4.54,618923,C[C@@H]1[C@H]2C3=CC[C@@H]4[C@@]5(C)CC(=O)CC(C)(C)[C@@H]5CC[C@@]4(C)[C@]3(C)CC[C@@]2(C(=O)O)CC[C@H]1C
CHEMBL1078048,14791.08,=,IC50,4.83,617851,C[C@@H]1[C@H]2C3=CC[C@@H]4[C@@]5(C)C/C(=N\O)CC(C)(C)[C@@H]5CC[C@@]4(C)[C@]3(C)CC[C@@]2(C(=O)O)CC[C@H]1C
CHEMBL577380,6309.57,=,IC50,5.2,568727,CC1(C)CC[C@]2(C(=O)O)CC[C@]3(C)C(=CC[C@@H]4[C@@]5(C)C[C@H](O)[C@@H](O)C(C)(C)[C@@H]5CC[C@]43C)[C@@H]2C1
CHEMBL1797014,6606.93,=,IC50,5.18,1160069,CC1(C)CC[C@]2(C(=O)OCc3ccccc3)CC[C@]3(C)C(=CC[C@@H]4[C@@]5(C)C[C@H](O)[C@@H](O)C(C)(C)[C@@H]5CC[C@]43C)[C@@H]2C1
CHEMBL1797015,18620.87,=,IC50,4.73,1160070,CC(=O)O[C@@H]1O[C@H](OC(=O)[C@]23CCC(C)(C)C[C@H]2C2=CC[C@@H]4[C@@]5(C)C[C@@H](O)[C@H](O)C(C)(C)[C@@H]5CC[C@@]4(C)[C@]2(C)CC3)[C@@H](OC(C)=O)[C@H](OC(C)=O)[C@H]1OC(C)=O
CHEMBL508614,13182.57,=,IC50,4.88,445754,CC(=O)O[C@@H]1C[C@@]2(C)[C@@H](CC[C@]3(C)[C@@H]2CC=C2[C@@H]4CC(C)(C)CC[C@]4(C(=O)O)CC[C@]23C)C(C)(C)[C@H]1OC(C)=O
CHEMBL1797016,10471.29,=,IC50,4.98,1160071,CCC(=O)O[C@@H]1C[C@@]2(C)[C@@H](CC[C@]3(C)[C@@H]2CC=C2[C@@H]4CC(C)(C)CC[C@]4(C(=O)O)CC[C@]23C)C(C)(C)[C@H]1OC(=O)CC
CHEMBL1797017,25118.86,=,IC50,4.6,1160072,CCCC(=O)O[C@@H]1C[C@@]2(C)[C@@H](CC[C@]3(C)[C@@H]2CC=C2[C@@H]4CC(C)(C)CC[C@]4(C(=O)O)CC[C@]23C)C(C)(C)[C@H]1OC(=O)CCC
CHEMBL562059,25118.86,=,IC50,4.6,555066,CC1(C)CC[C@]2(C(=O)O)CC[C@]3(C)C(=CC[C@@H]4[C@@]5(C)Cc6nccnc6C(C)(C)[C@@H]5CC[C@]43C)[C@@H]2C1
CHEMBL541940,14125.38,=,IC50,4.85,555067,CC1(C)CC[C@]2(C(=O)O)CC[C@]3(C)C(=CC[C@@H]4[C@@]5(C)Cc6nc7ccccc7nc6C(C)(C)[C@@H]5CC[C@]43C)[C@@H]2C1
CHEMBL574993,1096.48,=,IC50,5.96,568733,C[C@@H]1[C@H]2C3=CC[C@@H]4[C@@]5(C)C[C@H](O)[C@@H](O)C(C)(C)[C@@H]5CC[C@@]4(C)[C@]3(C)CC[C@@]2(C(=O)O)CC[C@H]1C
CHEMBL1797018,1258.93,=,IC50,5.9,1160073,C[C@@H]1[C@H]2C3=CC[C@@H]4[C@@]5(C)C[C@H](O)[C@@H](O)C(C)(C)[C@@H]5CC[C@@]4(C)[C@]3(C)CC[C@@]2(C(=O)OCc2ccccc2)CC[C@H]1C
CHEMBL1797019,23988.33,=,IC50,4.62,1160074,COC(=O)[C@H](Cc1ccccc1)NC(=O)[C@]12CC[C@@H](C)[C@H](C)[C@H]1C1=CC[C@@H]3[C@@]4(C)C[C@@H](OC(C)=O)[C@H](OC(C)=O)C(C)(C)[C@@H]4CC[C@@]3(C)[C@]1(C)CC2
CHEMBL1797020,11220.18,=,IC50,4.95,1160075,COC(=O)[C@H](Cc1ccc(O)cc1)NC(=O)[C@]12CC[C@@H](C)[C@H](C)[C@H]1C1=CC[C@@H]3[C@@]4(C)C[C@@H](OC(C)=O)[C@H](OC(C)=O)C(C)(C)[C@@H]4CC[C@@]3(C)[C@]1(C)CC2
CHEMBL1797021,3090.3,=,IC50,5.51,1160076,CC1(C)CC[C@]2(C(=O)O)CC[C@]3(C)[C@H]([C@@H](O)C[C@@H]4[C@@]5(C)CC[C@H](O)C(C)(C)[C@@H]5CC[C@]43C)[C@@H]2C1
CHEMBL1797022,6606.93,=,IC50,5.18,1160077,CC1(C)CC[C@]2(C(=O)OCc3ccccc3)CC[C@]3(C)[C@H]([C@@H](O)C[C@@H]4[C@@]5(C)CC[C@H](O)C(C)(C)[C@@H]5CC[C@]43C)[C@@H]2C1
CHEMBL1797023,5370.32,=,IC50,5.27,1160078,CC1(C)CC[C@]2(C(=O)OCc3ccccc3)CC[C@]3(C)[C@@H]([C@@H]2C1)[C@H](O)C[C@@H]1[C@@]2(C)CC[C@H](O)C(C)(C)[C@@H]2CC[C@]13C
CHEMBL168,14125.38,=,IC50,4.85,172779,CC1(C)CC[C@]2(C(=O)O)CC[C@]3(C)C(=CC[C@@H]4[C@@]5(C)CC[C@H](O)C(C)(C)[C@@H]5CC[C@]43C)[C@@H]2C1
CHEMBL1797024,63095.73,=,IC50,4.2,1160079,CC1(C)CC[C@]2(C(=O)OCC(=O)O)CC[C@]3(C)C(=CC[C@@H]4[C@@]5(C)CC[C@H](O)C(C)(C)[C@@H]5CC[C@]43C)[C@@H]2C1
CHEMBL1797025,75857.76,=,IC50,4.12,1160080,CCOC(=O)CCCOC(=O)[C@]12CCC(C)(C)C[C@H]1C1=CC[C@@H]3[C@@]4(C)CC[C@H](O)C(C)(C)[C@@H]4CC[C@@]3(C)[C@]1(C)CC2
CHEMBL1797026,53703.18,=,IC50,4.27,1160081,CNCCOC(=O)[C@]12CCC(C)(C)C[C@H]1C1=CC[C@@H]3[C@@]4(C)CC[C@H](O)C(C)(C)[C@@H]4CC[C@@]3(C)[C@]1(C)CC2
CHEMBL487933,81283.05,=,IC50,4.09,508130,CC1(C)[C@@H](O)CC[C@@]2(C)[C@H]1CC[C@]1(C)[C@@H]2CC=C2[C@@H]3C[C@@](C)(C(=O)O)CC[C@]3(C)CC[C@]21C
CHEMBL169,8912.51,=,IC50,5.05,201200,C[C@@H]1[C@H]2C3=CC[C@@H]4[C@@]5(C)CC[C@H](O)C(C)(C)[C@@H]5CC[C@@]4(C)[C@]3(C)CC[C@@]2(C(=O)O)CC[C@H]1C
CHEMBL1797138,4073.8,=,IC50,5.39,1160194,CCOC(=O)COC(=O)[C@]12CC[C@@H](C)[C@H](C)[C@H]1C1=CC[C@@H]3[C@@]4(C)CC[C@H](O)C(C)(C)[C@@H]4CC[C@@]3(C)[C@]1(C)CC2
CHEMBL446073,34673.69,=,IC50,4.46,453797,CC1(C)CC[C@]2(C(=O)O)CC[C@]3(C)C(=CC[C@@H]4[C@@]5(C)CC[C@H](OC(=O)CCC(=O)O)C(C)(C)[C@@H]5CC[C@]43C)[C@@H]2C1
CHEMBL1797139,3311.31,=,IC50,5.48,1160195,CC1(C)CC[C@]2(C(=O)O)CC[C@]3(C)C(=CC[C@@H]4[C@@]5(C)CC[C@H](OC(=O)/C=C\c6ccc(Cl)cc6)C(C)(C)[C@@H]5CC[C@]43C)[C@@H]2C1
CHEMBL1797140,16982.44,=,IC50,4.77,1160196,COc1ccc(/C=C\C(=O)O[C@H]2CC[C@@]3(C)[C@@H](CC[C@]4(C)[C@@H]3CC=C3[C@@H]5CC(C)(C)CC[C@]5(C(=O)O)CC[C@]34C)C2(C)C)cc1
CHEMBL508934,27542.29,=,IC50,4.56,442541,C[C@@H]1[C@H]2C3=CC[C@@H]4[C@@]5(C)CC[C@H](OC(=O)CCC(=O)O)C(C)(C)[C@@H]5CC[C@@]4(C)[C@]3(C)CC[C@@]2(C(=O)O)CC[C@H]1C
CHEMBL486382,22387.21,=,IC50,4.65,442509,CC1(C)CC[C@]2(C(=O)O)CC[C@]3(C)C(=CC[C@@H]4[C@@]5(C)CC[C@@H](O)C(C)(C)[C@@H]5CC[C@]43C)[C@@H]2C1
CHEMBL491715,19054.61,=,IC50,4.72,461556,C[C@@H]1[C@H]2C3=CC[C@@H]4[C@@]5(C)CC[C@@H](O)C(C)(C)[C@@H]5CC[C@@]4(C)[C@]3(C)CC[C@@]2(C(=O)O)CC[C@H]1C
CHEMBL470029,17782.79,=,IC50,4.75,442497,CC1(C)CC[C@]2(C(=O)O)CC[C@]3(C)C(=CC[C@@H]4[C@@]5(C)CCC(=O)C(C)(C)[C@@H]5CC[C@]43C)[C@@H]2C1
CHEMBL1797141,53703.18,=,IC50,4.27,1160197,CC1(C)CC[C@]2(C(=O)O)CC[C@]3(C)C(=CC[C@@H]4[C@@]5(C)CCC(=O)[C@@](C)(CO)[C@@H]5CC[C@]43C)[C@@H]2C1
CHEMBL487887,57543.99,=,IC50,4.24,452064,C[C@@H]1[C@H]2C3=CC[C@@H]4[C@@]5(C)CCC(=O)C(C)(C)[C@@H]5CC[C@@]4(C)[C@]3(C)CC[C@@]2(C(=O)O)CC[C@H]1C
CHEMBL1797143,20892.96,=,IC50,4.68,1160199,CC1(C)CC[C@]2(C(=O)OCc3ccccc3)CC[C@]3(C)C(=CC[C@@H]4[C@@]5(C)CC/C(=N\O)C(C)(C)[C@@H]5CC[C@]43C)[C@@H]2C1
CHEMBL201515,28183.83,=,IC50,4.55,338843,CC1(C)CC[C@]2(C(=O)O)CC[C@]3(C)C(=CC[C@@H]4[C@@]5(C)C[C@@H](O)[C@H](O)C(C)(C)[C@@H]5CC[C@]43C)[C@@H]2C1
CHEMBL202579,50118.72,=,IC50,4.3,338966,CC1(C)CC[C@]2(C(=O)OCCBr)CC[C@]3(C)C(=CC[C@@H]4[C@@]5(C)C[C@@H](O)[C@H](O)C(C)(C)[C@@H]5CC[C@]43C)[C@@H]2C1
CHEMBL372331,7079.46,=,IC50,5.15,338974,CC1(C)CC[C@]2(C(=O)OCCCCBr)CC[C@]3(C)C(=CC[C@@H]4[C@@]5(C)C[C@@H](O)[C@H](O)C(C)(C)[C@@H]5CC[C@]43C)[C@@H]2C1
CHEMBL370802,19054.61,=,IC50,4.72,338578,CCOC(=O)COC(=O)[C@]12CCC(C)(C)C[C@H]1C1=CC[C@@H]3[C@@]4(C)C[C@@H](O)[C@H](O)C(C)(C)[C@@H]4CC[C@@]3(C)[C@]1(C)CC2
CHEMBL437113,51286.14,=,IC50,4.29,339056,CCN(CC)CCOC(=O)[C@]12CCC(C)(C)C[C@H]1C1=CC[C@@H]3[C@@]4(C)C[C@@H](O)[C@H](O)C(C)(C)[C@@H]4CC[C@@]3(C)[C@]1(C)CC2
CHEMBL202392,61659.5,=,IC50,4.21,338645,CCN(CC)CCCCOC(=O)[C@]12CCC(C)(C)C[C@H]1C1=CC[C@@H]3[C@@]4(C)C[C@@H](O)[C@H](O)C(C)(C)[C@@H]4CC[C@@]3(C)[C@]1(C)CC2
CHEMBL202456,66069.34,=,IC50,4.18,338595,CC1(C)CC[C@]2(C(=O)OCn3cccn3)CC[C@]3(C)C(=CC[C@@H]4[C@@]5(C)C[C@@H](O)[C@H](O)C(C)(C)[C@@H]5CC[C@]43C)[C@@H]2C1
CHEMBL383692,30902.95,=,IC50,4.51,339455,CC1(C)CC[C@]2(C(=O)OCCN3CCCCC3)CC[C@]3(C)C(=CC[C@@H]4[C@@]5(C)C[C@@H](O)[C@H](O)C(C)(C)[C@@H]5CC[C@]43C)[C@@H]2C1
CHEMBL204314,42657.95,=,IC50,4.37,339456,CC1(C)CC[C@]2(C(=O)OCCN3CCOCC3)CC[C@]3(C)C(=CC[C@@H]4[C@@]5(C)C[C@@H](O)[C@H](O)C(C)(C)[C@@H]5CC[C@]43C)[C@@H]2C1
CHEMBL372990,66069.34,=,IC50,4.18,338971,CC1(C)CC[C@]2(C(=O)OCc3ccccc3)CC[C@]3(C)C(=CC[C@@H]4[C@@]5(C)C[C@@H](O)[C@@H](O)C(C)(C)[C@@H]5CC[C@]43C)[C@@H]2C1
CHEMBL381895,28840.32,=,IC50,4.54,338826,CC1(C)CC[C@]2(C(=O)OCc3ccccc3)CC[C@]3(C)C(=CC[C@@H]4[C@@]5(C)C[C@@H](O)C(=O)C(C)(C)[C@@H]5CC[C@]43C)[C@@H]2C1
CHEMBL391533,19952.62,=,IC50,4.7,399211,C[C@@H]1[C@H]2C3=CC[C@@H]4[C@@]5(C)C[C@@H](O)[C@H](O)C(C)(C)[C@@H]5CC[C@@]4(C)[C@]3(C)CC[C@@]2(C(=O)O)CC[C@H]1C
CHEMBL394202,33884.42,=,IC50,4.47,399228,COC(=O)[C@]12CC[C@@H](C)[C@H](C)[C@H]1C1=CC[C@@H]3[C@@]4(C)C[C@@H](O)[C@H](O)C(C)(C)[C@@H]4CC[C@@]3(C)[C@]1(C)CC2
CHEMBL391948,46773.51,=,IC50,4.33,399229,CCOC(=O)[C@]12CC[C@@H](C)[C@H](C)[C@H]1C1=CC[C@@H]3[C@@]4(C)C[C@@H](O)[C@H](O)C(C)(C)[C@@H]4CC[C@@]3(C)[C@]1(C)CC2
CHEMBL238185,83176.38,=,IC50,4.08,399230,CCCOC(=O)[C@]12CC[C@@H](C)[C@H](C)[C@H]1C1=CC[C@@H]3[C@@]4(C)C[C@@H](O)[C@H](O)C(C)(C)[C@@H]4CC[C@@]3(C)[C@]1(C)CC2
CHEMBL1797301,91201.08,=,IC50,4.04,1160359,C[C@@H]1[C@H]2C3=CC[C@@H]4[C@@]5(C)C[C@@H](O)[C@H](O)C(C)(C)[C@@H]5CC[C@@]4(C)[C@]3(C)CC[C@@]2(C(=O)OC2CC2)CC[C@H]1C
CHEMBL238186,91201.08,=,IC50,4.04,399231,CCCCOC(=O)[C@]12CC[C@@H](C)[C@H](C)[C@H]1C1=CC[C@@H]3[C@@]4(C)C[C@@H](O)[C@H](O)C(C)(C)[C@@H]4CC[C@@]3(C)[C@]1(C)CC2
CHEMBL390727,40738.03,=,IC50,4.39,399216,C[C@@H]1[C@H]2C3=CC[C@@H]4[C@@]5(C)C[C@@H](O)[C@H](O)C(C)(C)[C@@H]5CC[C@@]4(C)[C@]3(C)CC[C@@]2(C(=O)OCc2ccccc2)CC[C@H]1C
CHEMBL236932,61659.5,=,IC50,4.21,399233,C[C@@H]1[C@H]2C3=CC[C@@H]4[C@@]5(C)C[C@@H](O)[C@H](O)C(C)(C)[C@@H]5CC[C@@]4(C)[C@]3(C)CC[C@@]2(C(=O)OCn2cccn2)CC[C@H]1C
CHEMBL404313,16982.44,=,IC50,4.77,433672,C[C@@H]1[C@H]2C3=CC[C@@H]4[C@@]5(C)C[C@@H](O)[C@H](O)[C@@](C)(CO)[C@@H]5CC[C@@]4(C)[C@]3(C)CC[C@@]2(C(=O)O)CC[C@H]1C
CHEMBL392645,31622.78,=,IC50,4.5,399215,C[C@@H]1[C@H]2C3=CC[C@@H]4[C@@]5(C)C[C@@H](O)C(=O)C(C)(C)[C@@H]5CC[C@@]4(C)[C@]3(C)CC[C@@]2(C(=O)OCc2ccccc2)CC[C@H]1C
CHEMBL235667,38018.94,=,IC50,4.42,399290,CC(=O)O[C@@H]1C[C@@]2(C)[C@@H](CC[C@]3(C)[C@@H]2CC=C2[C@@H]4[C@@H](C)[C@H](C)CC[C@]4(C(=O)O)CC[C@]23C)C(C)(C)[C@H]1O
CHEMBL439220,77624.71,=,IC50,4.11,399308,CCCC(=O)O[C@@H]1C[C@@]2(C)[C@@H](CC[C@]3(C)[C@@H]2CC=C2[C@@H]4[C@@H](C)[C@H](C)CC[C@]4(C(=O)O)CC[C@]23C)C(C)(C)[C@H]1O
CHEMBL238219,3235.94,=,IC50,5.49,399309,CCCCCC(=O)O[C@@H]1C[C@@]2(C)[C@@H](CC[C@]3(C)[C@@H]2CC=C2[C@@H]4[C@@H](C)[C@H](C)CC[C@]4(C(=O)O)CC[C@]23C)C(C)(C)[C@H]1O
CHEMBL395906,5128.61,=,IC50,5.29,399312,C[C@@H]1[C@H]2C3=CC[C@@H]4[C@@]5(C)C[C@@H](OC(=O)c6ccccc6)[C@H](O)C(C)(C)[C@@H]5CC[C@@]4(C)[C@]3(C)CC[C@@]2(C(=O)O)CC[C@H]1C
CHEMBL397155,34673.69,=,IC50,4.46,399277,CC(=O)O[C@@H]1C[C@@]2(C)[C@@H](CC[C@]3(C)[C@@H]2CC=C2[C@@H]4[C@@H](C)[C@H](C)CC[C@]4(C(=O)O)CC[C@]23C)C(C)(C)[C@H]1OC(C)=O
CHEMBL397365,74131.02,=,IC50,4.13,399281,CCC(=O)O[C@@H]1C[C@@]2(C)[C@@H](CC[C@]3(C)[C@@H]2CC=C2[C@@H]4[C@@H](C)[C@H](C)CC[C@]4(C(=O)O)CC[C@]23C)C(C)(C)[C@H]1OC(=O)CC
CHEMBL236090,79432.82,=,IC50,4.1,399282,CCCC(=O)O[C@@H]1C[C@@]2(C)[C@@H](CC[C@]3(C)[C@@H]2CC=C2[C@@H]4[C@@H](C)[C@H](C)CC[C@]4(C(=O)O)CC[C@]23C)C(C)(C)[C@H]1OC(=O)CCC
CHEMBL1797304,43651.58,=,IC50,4.36,1160362,COS(=O)(=O)[C@@H]1C[C@@]2(C)[C@@H](CC[C@]3(C)[C@@H]2CC=C2[C@@H]4[C@@H](C)[C@H](C)CC[C@]4(C(=O)OCc4ccccc4)CC[C@]23C)C(C)(C)[C@H]1O
CHEMBL1797305,33113.11,=,IC50,4.48,1160363,COC(=O)[C@]1(C)[C@@H](OC(C)=O)[C@H](OC(C)=O)C[C@@]2(C)[C@H]1CC[C@]1(C)[C@@H]2CC=C2[C@@H]3[C@@H](C)[C@H](C)CC[C@]3(C(=O)O)CC[C@]21C
CHEMBL1797306,10000.0,=,IC50,5.0,1160364,CCCOC(=O)[C@]1(C)[C@@H](OC(=O)CCC)[C@H](OC(=O)CCC)C[C@@]2(C)[C@H]1CC[C@]1(C)[C@@H]2CC=C2[C@@H]3[C@@H](C)[C@H](C)CC[C@]3(C(=O)O)CC[C@]21C
CHEMBL482673,33884.42,=,IC50,4.47,507988,CC1(C)CC[C@]2(C(=O)O)CC[C@]3(C)C(=CC[C@@H]4[C@@]5(C)C[C@H](O)[C@H](O)C(C)(C)[C@@H]5CC[C@]43C)[C@@H]2C1
CHEMBL1797307,21877.62,=,IC50,4.66,1160365,CC1(C)CC[C@]2(C(=O)OCc3ccccc3)CC[C@]3(C)C(=CC[C@@H]4[C@@]5(C)C[C@H](O)[C@H](O)C(C)(C)[C@@H]5CC[C@]43C)[C@@H]2C1
CHEMBL1797308,67608.3,=,IC50,4.17,1160366,CC1(C)CC[C@]2(C(=O)O)CC[C@]3(C)C(=CC[C@@H]4[C@@]5(C)C[C@H](O)[C@H](O)[C@@](C)(CO)[C@@H]5CC[C@]43C)[C@@H]2C1
CHEMBL1797309,52480.75,=,IC50,4.28,1160367,CC1(C)CC[C@]2(C(=O)OCc3ccccc3)CC[C@]3(C)C(=CC[C@@H]4[C@@]5(C)CC(=O)[C@H](O)C(C)(C)[C@@H]5CC[C@]43C)[C@@H]2C1
CHEMBL397935,69183.1,=,IC50,4.16,399318,C[C@@H]1[C@H]2C3=CC[C@@H]4[C@@]5(C)C[C@@H]6O[C@@H]6C(C)(C)[C@@H]5CC[C@@]4(C)[C@]3(C)CC[C@@]2(C(=O)OCc2ccccc2)CC[C@H]1C
CHEMBL1797310,28183.83,=,IC50,4.55,1160368,CC1(C)CC[C@]2(C(=O)O)CC[C@]3(C)C(=CC[C@@H]4[C@@]5(C)C/C(=N\O)[C@H](O)C(C)(C)[C@@H]5CC[C@]43C)[C@@H]2C1
CHEMBL1797312,26302.68,=,IC50,4.58,1160370,CC1(C)CC[C@]2(C(=O)O)CC[C@]3(C)C(=CC[C@@H]4[C@@]5(C)C/C(=N\O)C(=O)C(C)(C)[C@@H]5CC[C@]43C)[C@@H]2C1
CHEMBL1797313,46773.51,=,IC50,4.33,1160371,CC1(C)CC[C@]2(C(=O)OCc3ccccc3)CC[C@]3(C)C(=CC[C@@H]4[C@@]5(C)C/C(=N\O)C(=O)C(C)(C)[C@@H]5CC[C@]43C)[C@@H]2C1
CHEMBL1797314,83176.38,=,IC50,4.08,1160372,C[C@@H]1[C@H]2C3=CC[C@@H]4[C@@]5(C)C/C(=N\O)C(=O)C(C)(C)[C@@H]5CC[C@@]4(C)[C@]3(C)CC[C@@]2(C(=O)OCc2ccccc2)CC[C@H]1C
CHEMBL1797315,22387.21,=,IC50,4.65,1160373,CC1(C)CC[C@]2(C(=O)OCc3ccccc3)CC[C@]3(C)C(=CC[C@@H]4[C@@]5(C)CC(=N\O)/C(=N\O)C(C)(C)[C@@H]5CC[C@]43C)[C@@H]2C1
CHEMBL1797316,61659.5,=,IC50,4.21,1160374,CC1(C)CC[C@]2(C(=O)OCc3ccccc3)CC[C@]3(C)C(=CC[C@@H]4[C@@]5(C)C/C(=N\OCc6ccccc6)C(=O)C(C)(C)[C@@H]5CC[C@]43C)[C@@H]2C1
CHEMBL1797317,7943.28,=,IC50,5.1,1160375,CC1(C)CC[C@]2(C(=O)OCc3ccccc3)CC[C@]3(C)C(=CC[C@@H]4[C@@]5(C)C/C(=N\OCc6ccc(Cl)cc6Cl)C(=O)C(C)(C)[C@@H]5CC[C@]43C)[C@@H]2C1
CHEMBL1797318,12589.25,=,IC50,4.9,1160376,CC1(C)CC[C@]2(C(=O)O)CC[C@]3(C)C(=CC[C@@H]4[C@@]5(C)CC6C=NOC6C(C)(C)[C@@H]5CC[C@]43C)[C@@H]2C1
CHEMBL1797319,19498.45,=,IC50,4.71,1160377,CC1(C)CC[C@]2(C(=O)OCc3ccccc3)CC[C@]3(C)C(=CC[C@@H]4[C@@]5(C)CC6C=NOC6C(C)(C)[C@@H]5CC[C@]43C)[C@@H]2C1
CHEMBL1797320,11220.18,=,IC50,4.95,1160378,CC1(C)CC[C@]2(C(=O)O)CC[C@]3(C)C(=CC[C@@H]4[C@@]5(C)Cc6nonc6C(C)(C)[C@@H]5CC[C@]43C)[C@@H]2C1
CHEMBL1797321,66069.34,=,IC50,4.18,1160379,C[C@@H]1[C@H]2C3=CC[C@@H]4[C@@]5(C)Cc6nonc6C(C)(C)[C@@H]5CC[C@@]4(C)[C@]3(C)CC[C@@]2(C(=O)O)CC[C@H]1C
CHEMBL572899,35481.34,=,IC50,4.45,571295,CC1(C)CC[C@]2(C(=O)O)CC[C@]3(C)C(=CC[C@@H]4[C@@]5(C)Cc6cnn(-c7ccccc7)c6C(C)(C)[C@@H]5CC[C@]43C)[C@@H]2C1
CHEMBL1797419,18197.01,=,IC50,4.74,1160478,Cc1ccc(-n2ncc3c2C(C)(C)[C@@H]2CC[C@]4(C)[C@H](CC=C5[C@@H]6CC(C)(C)CC[C@]6(C(=O)O)CC[C@]54C)[C@@]2(C)C3)cc1
CHEMBL1797421,46773.51,=,IC50,4.33,1160480,CC1(C)CC[C@]2(C(=O)O)CC[C@]3(C)C(=CC[C@@H]4[C@@]5(C)Cc6cnn(-c7cc(F)cc(F)c7)c6C(C)(C)[C@@H]5CC[C@]43C)[C@@H]2C1
CHEMBL1797422,69183.1,=,IC50,4.16,1160481,CC(C)c1ccc(-n2ncc3c2C(C)(C)[C@@H]2CC[C@]4(C)[C@H](CC=C5[C@@H]6CC(C)(C)CC[C@]6(C(=O)O)CC[C@]54C)[C@@]2(C)C3)cc1
CHEMBL1797424,11220.18,=,IC50,4.95,1160483,CC1(C)CC[C@]2(C(=O)OCc3ccccc3)CC[C@]3(C)C(=CC[C@@H]4[C@@]5(C)Cc6cnn(-c7ccc(Cl)cc7)c6C(C)(C)[C@@H]5CC[C@]43C)[C@@H]2C1
CHEMBL1797425,13182.57,=,IC50,4.88,1160484,COc1ccc(-n2ncc3c2C(C)(C)[C@@H]2CC[C@]4(C)[C@H](CC=C5[C@@H]6CC(C)(C)CC[C@]6(C(=O)OCc6ccccc6)CC[C@]54C)[C@@]2(C)C3)cc1
CHEMBL574391,7762.47,=,IC50,5.11,571314,CC1(C)CC[C@]2(C(=O)O)CC[C@]3(C)C(=CC[C@@H]4[C@@]5(C)Cc6cn[nH]c6C(C)(C)[C@@H]5CC[C@]43C)[C@@H]2C1
CHEMBL1797426,8128.31,=,IC50,5.09,1160485,CC1(C)CC[C@]2(C(=O)OCc3ccccc3)CC[C@]3(C)C(=CC[C@@H]4[C@@]5(C)Cc6c[nH]nc6C(C)(C)[C@@H]5CC[C@]43C)[C@@H]2C1
CHEMBL1797427,24547.09,=,IC50,4.61,1160486,CC1(C)CC[C@]2(COC(=O)CCC(=O)O)CC[C@]3(C)C(=CC[C@@H]4[C@@]5(C)Cc6c[nH]nc6C(C)(C)[C@@H]5CC[C@]43C)[C@@H]2C1
CHEMBL1797428,40738.03,=,IC50,4.39,1160487,C[C@@H]1[C@H]2C3=CC[C@@H]4[C@@]5(C)Cc6c[nH]nc6C(C)(C)[C@@H]5CC[C@@]4(C)[C@]3(C)CC[C@@]2(C(=O)O)CC[C@H]1C
CHEMBL1797429,72443.6,=,IC50,4.14,1160488,C[C@@H]1[C@H]2C3=CC[C@@H]4[C@@]5(C)Cc6c[nH]nc6C(C)(C)[C@@H]5CC[C@@]4(C)[C@]3(C)CC[C@@]2(C(=O)OCc2ccccc2)CC[C@H]1C
CHEMBL1797431,64565.42,=,IC50,4.19,1160490,CCn1cc2c(n1)C(C)(C)[C@@H]1CC[C@]3(C)[C@H](CC=C4[C@@H]5CC(C)(C)CC[C@]5(C(=O)OCc5ccccc5)CC[C@]43C)[C@@]1(C)C2
CHEMBL1797432,20417.38,=,IC50,4.69,1160491,CC1(C)CC[C@]2(C(=O)OCc3ccccc3)CC[C@]3(C)C(=CC[C@@H]4[C@@]5(C)Cc6cn(C7CC7)nc6C(C)(C)[C@@H]5CC[C@]43C)[C@@H]2C1
CHEMBL1797433,46773.51,=,IC50,4.33,1160492,CC1(C)CC[C@]2(C(=O)OCc3ccccc3)CC[C@]3(C)C(=CC[C@@H]4[C@@]5(C)Cc6cn(CC(=O)O)nc6C(C)(C)[C@@H]5CC[C@]43C)[C@@H]2C1
CHEMBL1797437,53703.18,=,IC50,4.27,1160496,CC(=O)n1cc2c(n1)C(C)(C)[C@@H]1CC[C@]3(C)[C@H](CC=C4[C@@H]5CC(C)(C)CC[C@]5(C(=O)O)CC[C@]43C)[C@@]1(C)C2
CHEMBL1797438,48977.88,=,IC50,4.31,1160497,CC1(C)CC[C@]2(C(=O)O)CC[C@]3(C)C(=CC[C@@H]4[C@@]5(C)Cc6cn(S(C)(=O)=O)nc6C(C)(C)[C@@H]5CC[C@]43C)[C@@H]2C1
CHEMBL1797439,37153.52,=,IC50,4.43,1160498,CCC(=O)n1cc2c(n1)C(C)(C)[C@@H]1CC[C@]3(C)[C@H](CC=C4[C@@H]5CC(C)(C)CC[C@]5(C(=O)O)CC[C@]43C)[C@@]1(C)C2
CHEMBL23236,16982.44,=,IC50,4.77,30884,C=C(C)[C@@H]1CC[C@]2(CO)CC[C@]3(C)[C@H](CC[C@@H]4[C@@]5(C)CC[C@H](O)C(C)(C)[C@@H]5CC[C@]43C)[C@@H]12
CHEMBL269277,42657.95,=,IC50,4.37,1763,C=C(C)[C@@H]1CC[C@]2(C(=O)O)CC[C@]3(C)[C@H](CC[C@@H]4[C@@]5(C)CC[C@H](O)C(C)(C)[C@@H]5CC[C@]43C)[C@@H]12
CHEMBL251308,15848.93,=,IC50,4.8,413489,C=C(C)[C@@H]1CC[C@]2(C(=O)O)CC[C@]3(C)[C@H](CC[C@@H]4[C@@]5(C)CC[C@H](O)[C@@](C)(CO)[C@@H]5CC[C@]43C)[C@@H]12
CHEMBL383331,30199.52,=,IC50,4.52,339454,CC1(C)CC[C@]2(C(=O)OCc3ccccc3)CC[C@]3(C)C(=CC[C@@H]4[C@@]5(C)C=C(O)C(=O)C(C)(C)[C@@H]5CC[C@]43C)[C@@H]2C1
CHEMBL392670,7244.36,=,IC50,5.14,399218,C[C@@H]1[C@H]2C3=CC[C@@H]4[C@@]5(C)C=C(O)C(=O)C(C)(C)[C@@H]5CC[C@@]4(C)[C@]3(C)CC[C@@]2(C(=O)OCc2ccccc2)CC[C@H]1C
CHEMBL1078407,3200.0,=,IC50,5.5,618920,CC1(C)CC[C@]2(C(=O)OCc3ccccc3)CC[C@]3(C)C(=CC[C@@H]4[C@@]5(C)CC(=O)CC(C)(C)[C@@H]5CC[C@]43C)[C@@H]2C1
CHEMBL1077661,4200.0,=,IC50,5.38,617852,CC1(C)CC[C@]2(C(=O)OCc3ccccc3)CC[C@]3(C)C(=CC[C@@H]4[C@@]5(C)C[C@H](O)CC(C)(C)[C@@H]5CC[C@]43C)[C@@H]2C1
CHEMBL1077972,28100.0,=,IC50,4.55,617985,COC(=O)[C@]12CCC(C)(C)C[C@H]1C1=CC[C@@H]3[C@@]4(C)C[C@H](O)CC(C)(C)[C@@H]4CC[C@@]3(C)[C@]1(C)CC2
CHEMBL1077973,15300.0,=,IC50,4.82,617986,CCOC(=O)[C@]12CCC(C)(C)C[C@H]1C1=CC[C@@H]3[C@@]4(C)C[C@H](O)CC(C)(C)[C@@H]4CC[C@@]3(C)[C@]1(C)CC2
CHEMBL1077974,27300.0,=,IC50,4.56,617987,CCCOC(=O)[C@]12CCC(C)(C)C[C@H]1C1=CC[C@@H]3[C@@]4(C)C[C@H](O)CC(C)(C)[C@@H]4CC[C@@]3(C)[C@]1(C)CC2
CHEMBL1796861,23100.0,=,IC50,4.64,1159915,CC1(C)CC[C@]2(C(=O)OC3CC3)CC[C@]3(C)C(=CC[C@@H]4[C@@]5(C)C[C@H](O)CC(C)(C)[C@@H]5CC[C@]43C)[C@@H]2C1
CHEMBL1077758,13800.0,=,IC50,4.86,618037,CCCCOC(=O)[C@]12CCC(C)(C)C[C@H]1C1=CC[C@@H]3[C@@]4(C)C[C@H](O)CC(C)(C)[C@@H]4CC[C@@]3(C)[C@]1(C)CC2
CHEMBL1078171,25400.0,=,IC50,4.59,618038,CC1(C)CC[C@]2(C(=O)OCCBr)CC[C@]3(C)C(=CC[C@@H]4[C@@]5(C)C[C@H](O)CC(C)(C)[C@@H]5CC[C@]43C)[C@@H]2C1
CHEMBL1078508,22500.0,=,IC50,4.65,618040,CCOC(=O)COC(=O)[C@]12CCC(C)(C)C[C@H]1C1=CC[C@@H]3[C@@]4(C)C[C@H](O)CC(C)(C)[C@@H]4CC[C@@]3(C)[C@]1(C)CC2
CHEMBL1078409,16300.0,=,IC50,4.79,618924,CC1(C)CC[C@]2(C(=O)OCc3ccccc3)CC[C@]3(C)C(=CC[C@@H]4[C@@]5(C)C/C(=N\O)CC(C)(C)[C@@H]5CC[C@]43C)[C@@H]2C1
CHEMBL1078408,24200.0,=,IC50,4.62,618922,C[C@@H]1[C@H]2C3=CC[C@@H]4[C@@]5(C)CC(=O)CC(C)(C)[C@@H]5CC[C@@]4(C)[C@]3(C)CC[C@@]2(C(=O)OCc2ccccc2)CC[C@H]1C
CHEMBL1796862,22300.0,=,IC50,4.65,1159916,C[C@@H]1[C@H]2C3=CC[C@@H]4[C@@]5(C)C[C@H](O)CC(C)(C)[C@@H]5CC[C@@]4(C)[C@]3(C)CC[C@@]2(C(=O)OCc2ccccc2)CC[C@H]1C
CHEMBL1077660,20200.0,=,IC50,4.7,617850,C[C@@H]1[C@H]2C3=CC[C@@H]4[C@@]5(C)C/C(=N\O)CC(C)(C)[C@@H]5CC[C@@]4(C)[C@]3(C)CC[C@@]2(C(=O)OCc2ccccc2)CC[C@H]1C
CHEMBL1796863,14100.0,=,IC50,4.85,1159917,CC1(C)CC[C@]2(C(=O)OCCCCCCN)CC[C@]3(C)C(=CC[C@@H]4[C@@]5(C)CC[C@H](O)C(C)(C)[C@@H]5CC[C@]43C)[C@@H]2C1
CHEMBL1796864,12600.0,=,IC50,4.9,1159918,CCCCNCCCCCCOC(=O)[C@]12CCC(C)(C)C[C@H]1C1=CC[C@@H]3[C@@]4(C)CC[C@H](O)C(C)(C)[C@@H]4CC[C@@]3(C)[C@]1(C)CC2
CHEMBL1796865,28100.0,=,IC50,4.55,1159919,Cc1ccc(NCCCCCCOC(=O)[C@]23CCC(C)(C)C[C@H]2C2=CC[C@@H]4[C@@]5(C)CC[C@H](O)C(C)(C)[C@@H]5CC[C@@]4(C)[C@]2(C)CC3)cc1
CHEMBL1796866,1140.0,=,IC50,5.94,1159920,CO[C@H]1O[C@H](Cn2cc(COC(=O)[C@]34CCC(C)(C)C[C@H]3C3=CC[C@@H]5[C@@]6(C)CC[C@H](O)C(C)(C)[C@@H]6CC[C@@]5(C)[C@]3(C)CC4)nn2)[C@@H](O)[C@H](O)[C@H]1O
CHEMBL1796867,12300.0,=,IC50,4.91,1159921,CC(=O)OCCCCCCOC(=O)[C@H](O)CC(=O)OCCCCCCOC(=O)[C@]12CCC(C)(C)C[C@H]1C1=CC[C@@H]3[C@@]4(C)CC[C@H](O)C(C)(C)[C@@H]4CC[C@@]3(C)[C@]1(C)CC2
CHEMBL1796868,20700.0,=,IC50,4.68,1159922,CC(=O)OCc1cn(CCCCCCn2cc(COC(=O)[C@]34CCC(C)(C)C[C@H]3C3=CC[C@@H]5[C@@]6(C)CC[C@H](O)C(C)(C)[C@@H]6CC[C@@]5(C)[C@]3(C)CC4)nn2)nn1
CHEMBL1796869,12600.0,=,IC50,4.9,1159923,CC1(C)CC[C@]2(C(=O)OCc3ccccc3)CC[C@]3(C)C(=CC[C@@H]4[C@@]5(C)CC[C@H](OC(=O)CCl)C(C)(C)[C@@H]5CC[C@]43C)[C@@H]2C1
CHEMBL1796870,12700.0,=,IC50,4.9,1159924,CC1(C)CC[C@]2(C(=O)OCc3ccccc3)CC[C@]3(C)C(=CC[C@@H]4[C@@]5(C)CC[C@H](OC(=O)CN=[N+]=[N-])C(C)(C)[C@@H]5CC[C@]43C)[C@@H]2C1
CHEMBL1796871,20100.0,=,IC50,4.7,1159925,CCN(CC)CC(=O)O[C@H]1CC[C@@]2(C)[C@@H](CC[C@]3(C)[C@@H]2CC=C2[C@@H]4CC(C)(C)CC[C@]4(C(=O)OCc4ccccc4)CC[C@]23C)C1(C)C
CHEMBL1796872,16100.0,=,IC50,4.79,1159926,CC1(C)CC[C@]2(C(=O)OCc3ccccc3)CC[C@]3(C)C(=CC[C@@H]4[C@@]5(C)CC[C@H](OC(=O)c6ccc([N+](=O)[O-])cc6)C(C)(C)[C@@H]5CC[C@]43C)[C@@H]2C1
CHEMBL1796873,2130.0,=,IC50,5.67,1159927,CC1(C)CC[C@]2(C(=O)OCc3ccccc3)CC[C@]3(C)C(=CC[C@@H]4[C@@]5(C)CC[C@H](OC(=O)c6ccc(N)cc6)C(C)(C)[C@@H]5CC[C@]43C)[C@@H]2C1
CHEMBL1796874,5390.0,=,IC50,5.27,1193530,CC1(C)CC[C@]2(C(=O)OCc3ccccc3)CC[C@]3(C)C(=CC[C@@H]4[C@@]5(C)CC[C@H](OC(=O)[n+]6ccccc6)C(C)(C)[C@@H]5CC[C@]43C)[C@@H]2C1
CHEMBL1796875,27700.0,=,IC50,4.56,1159929,CC1(C)CC[C@]2(C(=O)OCc3ccccc3)CC[C@]3(C)C(=CC[C@@H]4[C@@]5(C)CC[C@H](OC(=O)Cn6cc(COC(=O)Cc7ccccc7)nn6)C(C)(C)[C@@H]5CC[C@]43C)[C@@H]2C1
CHEMBL1796876,7760.0,=,IC50,5.11,1159930,CCCCCCCCCCCC(=O)OCc1cn(CC(=O)O[C@H]2CC[C@@]3(C)[C@@H](CC[C@]4(C)[C@@H]3CC=C3[C@@H]5CC(C)(C)CC[C@]5(C(=O)OCc5ccccc5)CC[C@]34C)C2(C)C)nn1
CHEMBL1796877,17500.0,=,IC50,4.76,1159931,COC(=O)[C@H](Cc1ccc(OCc2cn(CC(=O)O[C@H]3CC[C@@]4(C)[C@@H](CC[C@]5(C)[C@@H]4CC=C4[C@@H]6CC(C)(C)CC[C@]6(C(=O)OCc6ccccc6)CC[C@]45C)C3(C)C)nn2)cc1)NC(=O)OC(C)(C)C
CHEMBL1796878,2230.0,=,IC50,5.65,1159932,CC(=O)O[C@H]1CC[C@@]2(C)[C@@H](CC[C@]3(C)[C@@H]2CC=C2[C@@H]4CC(C)(C)CC[C@]4(C(=O)OC[C@H](O)[C@H]4OC(=O)C(O)=C4O)CC[C@]23C)C1(C)C
CHEMBL1796879,3250.0,=,IC50,5.49,1159933,CC(=O)NCCNCCNC(=O)[C@]12CCC(C)(C)C[C@H]1C1=CC[C@@H]3[C@@]4(C)CC[C@H](OC(C)=O)C(C)(C)[C@@H]4CC[C@@]3(C)[C@]1(C)CC2
CHEMBL1796880,10250.0,=,IC50,4.99,1159934,C[C@@H]1[C@H]2C3=CC[C@@H]4[C@@]5(C)CC[C@H](O)C(C)(C)[C@@H]5CC[C@@]4(C)[C@]3(C)CC[C@@]2(C(=O)OCCBr)CC[C@H]1C
CHEMBL1797009,25600.0,=,IC50,4.59,1160064,C[C@@H]1[C@H]2C3=CC[C@@H]4[C@@]5(C)CC[C@H](O)C(C)(C)[C@@H]5CC[C@@]4(C)[C@]3(C)CC[C@@]2(C(=O)OCCNC2CCCCC2)CC[C@H]1C
CHEMBL1797010,1530.0,=,IC50,5.82,1160065,CC(=O)O[C@H]1CC[C@@]2(C)[C@@H](CC[C@]3(C)[C@@H]2CC=C2[C@@H]4[C@@H](C)[C@H](C)CC[C@]4(C(=O)OC[C@H](O)[C@H]4OC(=O)C(O)=C4O)CC[C@]23C)C1(C)C
CHEMBL1080965,22700.0,=,IC50,4.64,618918,CC1(C)CC[C@]2(C(=O)O)CC[C@]3(C)C(=CC[C@@H]4[C@@]5(C)C[C@H](O)CC(C)(C)[C@@H]5CC[C@]43C)[C@@H]2C1
CHEMBL1077726,16100.0,=,IC50,4.79,617917,CC1(C)CC[C@]2(C(=O)O)CC[C@]3(C)C(=CC[C@@H]4[C@@]5(C)C[C@@H](O)CC(C)(C)[C@@H]5CC[C@]43C)[C@@H]2C1
CHEMBL1078636,13100.0,=,IC50,4.88,617846,CC1(C)CC[C@]2(C(=O)O)CC[C@]3(C)C(=CC[C@@H]4[C@@]5(C)C/C(=N\O)CC(C)(C)[C@@H]5CC[C@]43C)[C@@H]2C1
CHEMBL1797011,30900.0,=,IC50,4.51,1160066,CC1(C)CC[C@]2(C(=O)O)CC[C@]3(C)C(=CC[C@@H]4[C@@]5(C)CC[C@H](OC(=O)Cn6cc(COC(=O)Cc7ccccc7)nn6)C(C)(C)[C@@H]5CC[C@]43C)[C@@H]2C1
CHEMBL1797012,2590.0,=,IC50,5.59,1160067,COCc1cn(CCCCCCn2cc(CO[C@H]3CC[C@@]4(C)[C@@H](CC[C@]5(C)[C@@H]4CC=C4[C@@H]6CC(C)(C)CC[C@]6(C(=O)O)CC[C@]45C)C3(C)C)nn2)nn1
CHEMBL1797013,20600.0,=,IC50,4.69,1160068,C[C@@H]1[C@H]2C3=CC[C@@H]4[C@@]5(C)C[C@H](O)CC(C)(C)[C@@H]5CC[C@@]4(C)[C@]3(C)CC[C@@]2(C(=O)O)CC[C@H]1C
CHEMBL1081877,28900.0,=,IC50,4.54,618923,C[C@@H]1[C@H]2C3=CC[C@@H]4[C@@]5(C)CC(=O)CC(C)(C)[C@@H]5CC[C@@]4(C)[C@]3(C)CC[C@@]2(C(=O)O)CC[C@H]1C
CHEMBL1078048,14700.0,=,IC50,4.83,617851,C[C@@H]1[C@H]2C3=CC[C@@H]4[C@@]5(C)C/C(=N\O)CC(C)(C)[C@@H]5CC[C@@]4(C)[C@]3(C)CC[C@@]2(C(=O)O)CC[C@H]1C
CHEMBL577380,6250.0,=,IC50,5.2,568727,CC1(C)CC[C@]2(C(=O)O)CC[C@]3(C)C(=CC[C@@H]4[C@@]5(C)C[C@H](O)[C@@H](O)C(C)(C)[C@@H]5CC[C@]43C)[C@@H]2C1
CHEMBL1797014,6590.0,=,IC50,5.18,1160069,CC1(C)CC[C@]2(C(=O)OCc3ccccc3)CC[C@]3(C)C(=CC[C@@H]4[C@@]5(C)C[C@H](O)[C@@H](O)C(C)(C)[C@@H]5CC[C@]43C)[C@@H]2C1
CHEMBL1797015,18600.0,=,IC50,4.73,1160070,CC(=O)O[C@@H]1O[C@H](OC(=O)[C@]23CCC(C)(C)C[C@H]2C2=CC[C@@H]4[C@@]5(C)C[C@@H](O)[C@H](O)C(C)(C)[C@@H]5CC[C@@]4(C)[C@]2(C)CC3)[C@@H](OC(C)=O)[C@H](OC(C)=O)[C@H]1OC(C)=O
CHEMBL508614,13300.0,=,IC50,4.88,445754,CC(=O)O[C@@H]1C[C@@]2(C)[C@@H](CC[C@]3(C)[C@@H]2CC=C2[C@@H]4CC(C)(C)CC[C@]4(C(=O)O)CC[C@]23C)C(C)(C)[C@H]1OC(C)=O
CHEMBL1797016,10500.0,=,IC50,4.98,1160071,CCC(=O)O[C@@H]1C[C@@]2(C)[C@@H](CC[C@]3(C)[C@@H]2CC=C2[C@@H]4CC(C)(C)CC[C@]4(C(=O)O)CC[C@]23C)C(C)(C)[C@H]1OC(=O)CC
CHEMBL1797017,25200.0,=,IC50,4.6,1160072,CCCC(=O)O[C@@H]1C[C@@]2(C)[C@@H](CC[C@]3(C)[C@@H]2CC=C2[C@@H]4CC(C)(C)CC[C@]4(C(=O)O)CC[C@]23C)C(C)(C)[C@H]1OC(=O)CCC
CHEMBL562059,25100.0,=,IC50,4.6,555066,CC1(C)CC[C@]2(C(=O)O)CC[C@]3(C)C(=CC[C@@H]4[C@@]5(C)Cc6nccnc6C(C)(C)[C@@H]5CC[C@]43C)[C@@H]2C1
CHEMBL541940,14000.0,=,IC50,4.85,555067,CC1(C)CC[C@]2(C(=O)O)CC[C@]3(C)C(=CC[C@@H]4[C@@]5(C)Cc6nc7ccccc7nc6C(C)(C)[C@@H]5CC[C@]43C)[C@@H]2C1
CHEMBL574993,1100.0,=,IC50,5.96,568733,C[C@@H]1[C@H]2C3=CC[C@@H]4[C@@]5(C)C[C@H](O)[C@@H](O)C(C)(C)[C@@H]5CC[C@@]4(C)[C@]3(C)CC[C@@]2(C(=O)O)CC[C@H]1C
CHEMBL1797018,1250.0,=,IC50,5.9,1160073,C[C@@H]1[C@H]2C3=CC[C@@H]4[C@@]5(C)C[C@H](O)[C@@H](O)C(C)(C)[C@@H]5CC[C@@]4(C)[C@]3(C)CC[C@@]2(C(=O)OCc2ccccc2)CC[C@H]1C
CHEMBL1797019,23900.0,=,IC50,4.62,1160074,COC(=O)[C@H](Cc1ccccc1)NC(=O)[C@]12CC[C@@H](C)[C@H](C)[C@H]1C1=CC[C@@H]3[C@@]4(C)C[C@@H](OC(C)=O)[C@H](OC(C)=O)C(C)(C)[C@@H]4CC[C@@]3(C)[C@]1(C)CC2
CHEMBL1797020,11200.0,=,IC50,4.95,1160075,COC(=O)[C@H](Cc1ccc(O)cc1)NC(=O)[C@]12CC[C@@H](C)[C@H](C)[C@H]1C1=CC[C@@H]3[C@@]4(C)C[C@@H](OC(C)=O)[C@H](OC(C)=O)C(C)(C)[C@@H]4CC[C@@]3(C)[C@]1(C)CC2
CHEMBL1797021,3070.0,=,IC50,5.51,1160076,CC1(C)CC[C@]2(C(=O)O)CC[C@]3(C)[C@H]([C@@H](O)C[C@@H]4[C@@]5(C)CC[C@H](O)C(C)(C)[C@@H]5CC[C@]43C)[C@@H]2C1
CHEMBL1797022,6540.0,=,IC50,5.18,1160077,CC1(C)CC[C@]2(C(=O)OCc3ccccc3)CC[C@]3(C)[C@H]([C@@H](O)C[C@@H]4[C@@]5(C)CC[C@H](O)C(C)(C)[C@@H]5CC[C@]43C)[C@@H]2C1
CHEMBL1797023,5350.0,=,IC50,5.27,1160078,CC1(C)CC[C@]2(C(=O)OCc3ccccc3)CC[C@]3(C)[C@@H]([C@@H]2C1)[C@H](O)C[C@@H]1[C@@]2(C)CC[C@H](O)C(C)(C)[C@@H]2CC[C@]13C
CHEMBL168,14000.0,=,IC50,4.85,172779,CC1(C)CC[C@]2(C(=O)O)CC[C@]3(C)C(=CC[C@@H]4[C@@]5(C)CC[C@H](O)C(C)(C)[C@@H]5CC[C@]43C)[C@@H]2C1
CHEMBL1797024,62600.0,=,IC50,4.2,1160079,CC1(C)CC[C@]2(C(=O)OCC(=O)O)CC[C@]3(C)C(=CC[C@@H]4[C@@]5(C)CC[C@H](O)C(C)(C)[C@@H]5CC[C@]43C)[C@@H]2C1
CHEMBL1797025,76700.0,=,IC50,4.12,1160080,CCOC(=O)CCCOC(=O)[C@]12CCC(C)(C)C[C@H]1C1=CC[C@@H]3[C@@]4(C)CC[C@H](O)C(C)(C)[C@@H]4CC[C@@]3(C)[C@]1(C)CC2
CHEMBL1797026,53200.0,=,IC50,4.27,1160081,CNCCOC(=O)[C@]12CCC(C)(C)C[C@H]1C1=CC[C@@H]3[C@@]4(C)CC[C@H](O)C(C)(C)[C@@H]4CC[C@@]3(C)[C@]1(C)CC2
CHEMBL487933,82000.0,=,IC50,4.09,508130,CC1(C)[C@@H](O)CC[C@@]2(C)[C@H]1CC[C@]1(C)[C@@H]2CC=C2[C@@H]3C[C@@](C)(C(=O)O)CC[C@]3(C)CC[C@]21C
CHEMBL169,9000.0,=,IC50,5.05,201200,C[C@@H]1[C@H]2C3=CC[C@@H]4[C@@]5(C)CC[C@H](O)C(C)(C)[C@@H]5CC[C@@]4(C)[C@]3(C)CC[C@@]2(C(=O)O)CC[C@H]1C
CHEMBL1797138,4100.0,=,IC50,5.39,1160194,CCOC(=O)COC(=O)[C@]12CC[C@@H](C)[C@H](C)[C@H]1C1=CC[C@@H]3[C@@]4(C)CC[C@H](O)C(C)(C)[C@@H]4CC[C@@]3(C)[C@]1(C)CC2
CHEMBL446073,34300.0,=,IC50,4.46,453797,CC1(C)CC[C@]2(C(=O)O)CC[C@]3(C)C(=CC[C@@H]4[C@@]5(C)CC[C@H](OC(=O)CCC(=O)O)C(C)(C)[C@@H]5CC[C@]43C)[C@@H]2C1
CHEMBL1797139,3300.0,=,IC50,5.48,1160195,CC1(C)CC[C@]2(C(=O)O)CC[C@]3(C)C(=CC[C@@H]4[C@@]5(C)CC[C@H](OC(=O)/C=C\c6ccc(Cl)cc6)C(C)(C)[C@@H]5CC[C@]43C)[C@@H]2C1
CHEMBL1797140,16900.0,=,IC50,4.77,1160196,COc1ccc(/C=C\C(=O)O[C@H]2CC[C@@]3(C)[C@@H](CC[C@]4(C)[C@@H]3CC=C3[C@@H]5CC(C)(C)CC[C@]5(C(=O)O)CC[C@]34C)C2(C)C)cc1
CHEMBL508934,27600.0,=,IC50,4.56,442541,C[C@@H]1[C@H]2C3=CC[C@@H]4[C@@]5(C)CC[C@H](OC(=O)CCC(=O)O)C(C)(C)[C@@H]5CC[C@@]4(C)[C@]3(C)CC[C@@]2(C(=O)O)CC[C@H]1C
CHEMBL486382,21000.0,=,IC50,4.68,442509,CC1(C)CC[C@]2(C(=O)O)CC[C@]3(C)C(=CC[C@@H]4[C@@]5(C)CC[C@@H](O)C(C)(C)[C@@H]5CC[C@]43C)[C@@H]2C1
CHEMBL491715,19000.0,=,IC50,4.72,461556,C[C@@H]1[C@H]2C3=CC[C@@H]4[C@@]5(C)CC[C@@H](O)C(C)(C)[C@@H]5CC[C@@]4(C)[C@]3(C)CC[C@@]2(C(=O)O)CC[C@H]1C
CHEMBL470029,17900.0,=,IC50,4.75,442497,CC1(C)CC[C@]2(C(=O)O)CC[C@]3(C)C(=CC[C@@H]4[C@@]5(C)CCC(=O)C(C)(C)[C@@H]5CC[C@]43C)[C@@H]2C1
CHEMBL1797141,53500.0,=,IC50,4.27,1160197,CC1(C)CC[C@]2(C(=O)O)CC[C@]3(C)C(=CC[C@@H]4[C@@]5(C)CCC(=O)[C@@](C)(CO)[C@@H]5CC[C@]43C)[C@@H]2C1
CHEMBL487887,57000.0,=,IC50,4.24,452064,C[C@@H]1[C@H]2C3=CC[C@@H]4[C@@]5(C)CCC(=O)C(C)(C)[C@@H]5CC[C@@]4(C)[C@]3(C)CC[C@@]2(C(=O)O)CC[C@H]1C
CHEMBL1797143,20800.0,=,IC50,4.68,1160199,CC1(C)CC[C@]2(C(=O)OCc3ccccc3)CC[C@]3(C)C(=CC[C@@H]4[C@@]5(C)CC/C(=N\O)C(C)(C)[C@@H]5CC[C@]43C)[C@@H]2C1
CHEMBL201515,28000.0,=,IC50,4.55,338843,CC1(C)CC[C@]2(C(=O)O)CC[C@]3(C)C(=CC[C@@H]4[C@@]5(C)C[C@@H](O)[C@H](O)C(C)(C)[C@@H]5CC[C@]43C)[C@@H]2C1
CHEMBL202579,50000.0,=,IC50,4.3,338966,CC1(C)CC[C@]2(C(=O)OCCBr)CC[C@]3(C)C(=CC[C@@H]4[C@@]5(C)C[C@@H](O)[C@H](O)C(C)(C)[C@@H]5CC[C@]43C)[C@@H]2C1
CHEMBL372331,7000.0,=,IC50,5.16,338974,CC1(C)CC[C@]2(C(=O)OCCCCBr)CC[C@]3(C)C(=CC[C@@H]4[C@@]5(C)C[C@@H](O)[C@H](O)C(C)(C)[C@@H]5CC[C@]43C)[C@@H]2C1
CHEMBL370802,19000.0,=,IC50,4.72,338578,CCOC(=O)COC(=O)[C@]12CCC(C)(C)C[C@H]1C1=CC[C@@H]3[C@@]4(C)C[C@@H](O)[C@H](O)C(C)(C)[C@@H]4CC[C@@]3(C)[C@]1(C)CC2
CHEMBL437113,51000.0,=,IC50,4.29,339056,CCN(CC)CCOC(=O)[C@]12CCC(C)(C)C[C@H]1C1=CC[C@@H]3[C@@]4(C)C[C@@H](O)[C@H](O)C(C)(C)[C@@H]4CC[C@@]3(C)[C@]1(C)CC2
CHEMBL202392,62000.0,=,IC50,4.21,338645,CCN(CC)CCCCOC(=O)[C@]12CCC(C)(C)C[C@H]1C1=CC[C@@H]3[C@@]4(C)C[C@@H](O)[C@H](O)C(C)(C)[C@@H]4CC[C@@]3(C)[C@]1(C)CC2
CHEMBL1814498,3200.0,=,IC50,5.5,1169542,Clc1cccc(-c2nnc(-c3ccc4ccccc4c3)o2)c1
CHEMBL1814500,16500.0,=,IC50,4.78,1169544,Cc1ccc(S(=O)(=O)CC2CCc3ccccc3C2=O)cc1
CHEMBL128850,6900.0,=,IC50,5.16,213358,Cc1cc(S(=O)(=O)Nc2nc3ccccc3[nH]2)c(S)cc1Cl
CHEMBL338902,7500.0,=,IC50,5.12,213225,Cc1cc(S(=O)(=O)Nc2nnc3c4ccccc4ccn23)c(S)cc1Cl
CHEMBL1814507,4100.0,=,IC50,5.39,1169551,COc1ccc(C(=O)CC(=O)c2cccc([N+](=O)[O-])c2)cc1
CHEMBL128249,5900.0,=,IC50,5.23,213425,Cc1cc(S(=O)(=O)Nc2nnc3c(C(F)(F)F)cc(Cl)cn23)c(S)cc1Cl
CHEMBL1504147,5400.0,=,IC50,5.27,928031,Cc1ccccc1NC(=O)C(=O)Nc1ccccc1C
CHEMBL1814684,3000.0,=,IC50,5.52,1169730,O=C(NCc1ccccc1)C(=O)Nc1ccccc1Cl
CHEMBL1738939,95000.0,=,IC50,4.02,1117986,OC[C@H]1O[C@@H](c2cc(O)cc(Cl)c2O)[C@H](O)[C@@H](O)[C@@H]1O
CHEMBL1738940,39800.0,=,IC50,4.4,1117987,COc1cc(Cl)c(O)c([C@@H]2O[C@H](CO)[C@@H](O)[C@H](O)[C@H]2O)c1
CHEMBL168,22900.0,=,IC50,4.64,172779,CC1(C)CC[C@]2(C(=O)O)CC[C@]3(C)C(=CC[C@@H]4[C@@]5(C)CC[C@H](O)C(C)(C)[C@@H]5CC[C@]43C)[C@@H]2C1
CHEMBL1941003,41100.0,=,IC50,4.39,1275863,CC1(C)CC[C@]2(C(=O)O)CC[C@]3(C)C(=CC[C@@H]4[C@@]5(C)CC[C@H](OC(=O)COCCOCCNC(=O)c6ccc(C(=O)c7ccc(NC(=O)CCCC[C@@H]8SC[C@@H]9NC(=O)N[C@H]89)cc7)cc6)C(C)(C)[C@@H]5CC[C@]43C)[C@@H]2C1
CHEMBL113,75300.0,=,IC50,4.12,16485,Cn1c(=O)c2c(ncn2C)n(C)c1=O
CHEMBL1234850,75000.0,=,Ki,4.12,697200,O=C(N[C@@H]1O[C@H](CO)[C@@H](O)[C@H](O)[C@H]1O)C(F)(F)F
CHEMBL1232255,49000.0,=,Ki,4.31,694605,[N-]=[N+]=NCC(=O)N[C@@H]1O[C@H](CO)[C@@H](O)[C@H](O)[C@H]1O
CHEMBL564199,2300.0,=,Ki,5.64,556937,Cc1ccc(C(=O)NC(=O)N[C@@H]2O[C@H](CO)[C@@H](O)[C@H](O)[C@H]2O)cc1
CHEMBL1232637,3700.0,=,Ki,5.43,694987,O=C(NC(=O)c1ccc(-c2ccccc2)cc1)N[C@@H]1O[C@H](CO)[C@@H](O)[C@H](O)[C@H]1O
CHEMBL1232636,4400.0,=,Ki,5.36,694986,O=C(NC(=O)c1ccc(Cl)cc1)N[C@@H]1O[C@H](CO)[C@@H](O)[C@H](O)[C@H]1O
CHEMBL554821,3300.0,=,Ki,5.48,567592,O=C(NC(=O)c1ccc([N+](=O)[O-])cc1)N[C@@H]1O[C@H](CO)[C@@H](O)[C@H](O)[C@H]1O
CHEMBL556336,6000.0,=,Ki,5.22,565782,Nc1ccc(C(=O)NC(=O)N[C@@H]2O[C@H](CO)[C@@H](O)[C@H](O)[C@H]2O)cc1
CHEMBL1947268,3200.0,=,Ki,5.5,1278662,COc1ccc(C(=O)NC(=O)N[C@@H]2O[C@H](CO)[C@@H](O)[C@H](O)[C@H]2O)cc1
CHEMBL1947269,4000.0,=,Ki,5.4,1278663,COC(=O)c1ccc(C(=O)NC(=O)N[C@@H]2O[C@H](CO)[C@@H](O)[C@H](O)[C@H]2O)cc1
CHEMBL1947271,85000.0,=,Ki,4.07,1278665,O=C(NC(=O)c1ccc(C(=O)O)cc1)N[C@@H]1O[C@H](CO)[C@@H](O)[C@H](O)[C@H]1O
CHEMBL510975,3100.0,=,IC50,5.51,491347,O=C1NC(=O)[C@@]2(N1)O[C@H](CO)[C@@H](O)[C@H](O)[C@H]2O
CHEMBL593790,59800.0,=,IC50,4.22,595752,O=C1NCC(O)NC12O[C@H](CO)[C@@H](O)[C@H](O)[C@H]2O
CHEMBL558445,8600.0,=,IC50,5.07,565837,OC[C@H]1O[C@@H](c2nc3ccccc3[nH]2)[C@H](O)[C@@H](O)[C@@H]1O
CHEMBL1231802,6600.0,=,IC50,5.18,694152,Cc1cn([C@@H]2O[C@H](CO)[C@@H](O)[C@H](O)[C@H]2O)c(=O)[nH]c1=O
CHEMBL2030479,4000.0,=,IC50,5.4,1342534,O=C(NC(=O)c1cc2ccccc2[nH]1)N[C@@H]1O[C@H](CO)[C@@H](O)[C@H](O)[C@H]1O
CHEMBL594021,630.0,=,IC50,6.2,595598,OC[C@H]1O[C@@]2(CC(c3ccc4ccccc4c3)=NO2)[C@H](O)[C@@H](O)[C@@H]1O
CHEMBL337309,20900.0,=,IC50,4.68,228888,O=C1c2c(O)cc(O)cc2OC(c2ccc(O)c(O)c2)C1O
CHEMBL428690,1200.0,=,IC50,5.92,14366,CN1CC[C@H](c2c(O)cc(O)c3c(=O)cc(-c4ccccc4Cl)oc23)[C@H](O)C1
CHEMBL2030480,900.0,=,IC50,6.05,1342535,Nc1ccccc1C(=O)Nc1ccccc1Oc1ccc(C(=O)O)c(C(=O)O)c1
CHEMBL114950,1.6,=,IC50,8.8,189641,CCN1C(C)=C(C(=O)OC(C)C)C(c2ccccc2Cl)C(C(=O)O)=C1C(=O)O
CHEMBL2030481,24.0,=,IC50,7.62,1342536,O=C(O)c1ccccc1-n1cc(C(=O)O)c(=O)c2cc(Cc3c(F)cc(F)cc3Cl)c(Cl)cc21
CHEMBL337309,4800.0,=,IC50,5.32,228888,O=C1c2c(O)cc(O)cc2OC(c2ccc(O)c(O)c2)C1O
CHEMBL2030483,2700.0,=,IC50,5.57,1342538,Cc1cc(F)c(Sc2nccn2C)cc1C(=O)Nc1cccc(N)c1
CHEMBL2030484,9900.0,=,IC50,5.0,1342539,Cc1cc(F)c(Sc2nccn2C)cc1C(=O)Nc1cccc(C#N)c1
CHEMBL277157,96900.0,=,IC50,4.01,406290,O=C(CN1CCN(c2ccccc2)CC1)Nc1nccs1
CHEMBL113,100000.0,=,IC50,4.0,16485,Cn1c(=O)c2c(ncn2C)n(C)c1=O
CHEMBL2041078,4700.0,=,Ki,5.33,1347495,C#Cc1cn([C@@H]2O[C@H](CO)[C@@H](O)[C@H](O)[C@H]2O)c(=O)[nH]c1=O
CHEMBL2041079,32400.0,=,Ki,4.49,1347496,CCCc1cc2cn([C@@H]3O[C@H](CO)[C@@H](O)[C@H](O)[C@H]3O)c(=O)nc2o1
CHEMBL2041080,33400.0,=,Ki,4.48,1347497,CCCCCc1cc2cn([C@@H]3O[C@H](CO)[C@@H](O)[C@H](O)[C@H]3O)c(=O)nc2o1
CHEMBL2041081,1020.0,=,Ki,5.99,1347498,O=c1[nH]c(=O)n([C@@H]2O[C@H](CO)[C@@H](O)[C@H](O)[C@H]2O)cc1Cl
CHEMBL2041081,1020.0,=,Ki,5.99,1347498,O=c1[nH]c(=O)n([C@@H]2O[C@H](CO)[C@@H](O)[C@H](O)[C@H]2O)cc1Cl
CHEMBL2041082,3270.0,=,Ki,5.49,1347499,O=c1[nH]c(=O)n([C@@H]2O[C@H](CO)[C@@H](O)[C@H](O)[C@H]2O)cc1Br
CHEMBL2040853,1940.0,=,Ki,5.71,1347500,O=c1[nH]c(=O)n([C@@H]2O[C@H](CO)[C@@H](O)[C@H](O)[C@H]2O)cc1I
CHEMBL1234956,460.0,=,Ki,6.34,697306,O=C(O)C[C@H](OC(=O)/C=C/c1ccc(O)cc1)[C@@H](OC(=O)/C=C/c1ccc(O)cc1)C(=O)O
CHEMBL602684,18000.0,=,Ki,4.75,602814,O=C(CO)N[C@@H]1O[C@H](CO)[C@@H](O)[C@H](O)[C@H]1O
CHEMBL490000,15000.0,=,Ki,4.82,491351,O=C(NC(=O)c1cccc2ccccc12)N[C@@H]1O[C@H](CO)[C@@H](O)[C@H](O)[C@H]1O
CHEMBL2418611,75000.0,=,Ki,4.12,1577383,O=C(N[C@@H]1O[C@H](CO)[C@@H](O)[C@H](O)[C@H]1O)c1cn(-c2ccccc2)nn1
CHEMBL3351143,32000.0,=,Ki,4.5,1799750,CC(=O)N[C@H]1O[C@H](CO)[C@@H](O)[C@H](O)[C@H]1O
CHEMBL3237963,2100.0,=,Ki,5.68,1736512,OC[C@H]1O[C@@H](c2nc3cc4ccccc4cc3[nH]2)[C@H](O)[C@@H](O)[C@@H]1O
CHEMBL3351140,81000.0,=,Ki,4.09,1799747,O=C(N[C@H]1O[C@H](CO)[C@@H](O)[C@H](O)[C@H]1O)c1ccccc1
CHEMBL549701,27000.0,=,Ki,4.57,564029,OC[C@H]1O[C@@H](c2nc(-c3ccccc3)no2)[C@H](O)[C@@H](O)[C@@H]1O
CHEMBL488967,10000.0,=,Ki,5.0,491282,O=C(N[C@@H]1O[C@H](CO)[C@@H](O)[C@H](O)[C@H]1O)c1ccc2ccccc2c1
CHEMBL549843,12000.0,=,Ki,4.92,562348,OC[C@H]1O[C@@H](c2nc(-c3ccc4ccccc4c3)no2)[C@H](O)[C@@H](O)[C@@H]1O
CHEMBL2408224,7000.0,=,Ki,5.16,1572635,OC[C@H]1O[C@@H](c2nc(-c3ccccc3)n[nH]2)[C@H](O)[C@@H](O)[C@@H]1O
CHEMBL3237966,1700.0,=,Ki,5.77,1736515,Cc1ccc(-c2n[nH]c([C@@H]3O[C@H](CO)[C@@H](O)[C@H](O)[C@H]3O)n2)cc1
CHEMBL3237969,2900.0,=,Ki,5.54,1736518,OC[C@H]1O[C@@H](c2nc(-c3ccc(O)cc3)n[nH]2)[C@H](O)[C@@H](O)[C@@H]1O
CHEMBL3237970,1900.0,=,Ki,5.72,1736519,COc1ccc(-c2n[nH]c([C@@H]3O[C@H](CO)[C@@H](O)[C@H](O)[C@H]3O)n2)cc1
CHEMBL3237971,33500.0,=,Ki,4.47,1736520,O=[N+]([O-])c1ccc(-c2n[nH]c([C@@H]3O[C@H](CO)[C@@H](O)[C@H](O)[C@H]3O)n2)cc1
CHEMBL3237972,670.0,=,Ki,6.17,1736521,Nc1ccc(-c2n[nH]c([C@@H]3O[C@H](CO)[C@@H](O)[C@H](O)[C@H]3O)n2)cc1
CHEMBL3237974,39700.0,=,Ki,4.4,1736523,Cc1cc(C)cc(-c2n[nH]c([C@@H]3O[C@H](CO)[C@@H](O)[C@H](O)[C@H]3O)n2)c1
CHEMBL3237976,14000.0,=,Ki,4.85,1736525,Nc1cc(N)cc(-c2n[nH]c([C@@H]3O[C@H](CO)[C@@H](O)[C@H](O)[C@H]3O)n2)c1
CHEMBL2408225,410.0,=,Ki,6.39,1572636,OC[C@H]1O[C@@H](c2nc(-c3ccc4ccccc4c3)n[nH]2)[C@H](O)[C@@H](O)[C@@H]1O
CHEMBL3323442,25000.0,=,IC50,4.6,1786016,COC(=O)[C@@H]1CSC(c2ccccc2)=N1
CHEMBL3323453,45.0,=,IC50,7.35,1786027,O=C(N[C@@H](Cc1ccccc1)C(=O)N1CC(C(=O)O)C1)c1c[nH]c2ccc(Cl)cc12
CHEMBL3323454,7.0,=,IC50,8.15,1786028,Cc1cc(C)c(NC(=O)Cc2cc3ccccc3cc2C(=O)N[C@H](C(=O)O)[C@@H](C)OC(C)(C)C)c(C)c1
CHEMBL3322297,1.6,=,Ki,8.8,1784859,O=C(O)C1=C(C(=O)O)NC=CC1
CHEMBL490001,350.0,=,Ki,6.46,491352,O=C(NC(=O)c1ccc2ccccc2c1)N[C@@H]1O[C@H](CO)[C@@H](O)[C@H](O)[C@H]1O
CHEMBL3322301,700.0,=,Ki,6.16,1784863,CC(C)(C)c1ccc(C(=O)NC(=O)N[C@@H]2O[C@H](CO)[C@@H](O)[C@H](O)[C@H]2O)cc1
CHEMBL3322302,1800.0,=,Ki,5.75,1784864,O=C(NC(=O)c1ccc(C(F)(F)F)cc1)N[C@@H]1O[C@H](CO)[C@@H](O)[C@H](O)[C@H]1O
CHEMBL2030479,4000.0,=,Ki,5.4,1342534,O=C(NC(=O)c1cc2ccccc2[nH]1)N[C@@H]1O[C@H](CO)[C@@H](O)[C@H](O)[C@H]1O
CHEMBL488967,4000.0,=,Ki,5.4,491282,O=C(N[C@@H]1O[C@H](CO)[C@@H](O)[C@H](O)[C@H]1O)c1ccc2ccccc2c1
CHEMBL3322304,5200.0,=,Ki,5.28,1784866,O=C(Nc1ccc2ccccc2c1)N[C@@H]1O[C@H](CO)[C@@H](O)[C@H](O)[C@H]1O
CHEMBL552199,6300.0,=,Ki,5.2,560484,O=C(NC(=O)c1ccc(O)cc1)N[C@@H]1O[C@H](CO)[C@@H](O)[C@H](O)[C@H]1O
CHEMBL450104,10000.0,=,Ki,5.0,491281,O=C(N[C@@H]1O[C@H](CO)[C@@H](O)[C@H](O)[C@H]1O)c1cccc2ccccc12
CHEMBL3322305,18000.0,=,Ki,4.75,1784867,O=C(Nc1ccccc1)N[C@@H]1O[C@H](CO)[C@@H](O)[C@H](O)[C@H]1O
CHEMBL3322306,18000.0,=,Ki,4.75,1784868,O=C(/C=C/c1ccccc1)N[C@@H]1O[C@H](CO)[C@@H](O)[C@H](O)[C@H]1O
CHEMBL1946930,20000.0,=,Ki,4.7,1278321,O=C(O)CCC(=O)N[C@@H]1O[C@H](CO)[C@@H](O)[C@H](O)[C@H]1O
CHEMBL1229682,56000.0,=,Ki,4.25,692032,O=C(Nc1ccc2ccccc2c1)C(=O)N[C@@H]1O[C@H](CO)[C@@H](O)[C@H](O)[C@H]1O
CHEMBL3322307,61000.0,=,Ki,4.21,1784869,O=C(C#Cc1ccccc1)N[C@@H]1O[C@H](CO)[C@@H](O)[C@H](O)[C@H]1O
CHEMBL3322308,68000.0,=,Ki,4.17,1784870,O=C(NC(=O)c1ccccn1)N[C@@H]1O[C@H](CO)[C@@H](O)[C@H](O)[C@H]1O
CHEMBL1234850,81000.0,=,Ki,4.09,697200,O=C(N[C@@H]1O[C@H](CO)[C@@H](O)[C@H](O)[C@H]1O)C(F)(F)F
CHEMBL3322309,83000.0,=,Ki,4.08,1784871,COC(=O)CCCC(=O)N[C@@H]1O[C@H](CO)[C@@H](O)[C@H](O)[C@H]1O
CHEMBL3322310,85000.0,=,Ki,4.07,1784872,O=C(CCc1ccccc1)N[C@@H]1O[C@H](CO)[C@@H](O)[C@H](O)[C@H]1O
CHEMBL1230224,100000.0,=,Ki,4.0,692574,O=C(Nc1ccccc1)C(=O)N[C@@H]1O[C@H](CO)[C@@H](O)[C@H](O)[C@H]1O
CHEMBL3322328,75290.0,=,Ki,4.12,1784890,CC(C)c1ccc(C[C@H](C)C(=O)N[C@@H]2O[C@H](CO)[C@@H](O)[C@H](O)[C@H]2O)cc1
CHEMBL3322333,48680.0,=,Ki,4.31,1784895,O=C(CCCc1ccc2c(c1)CCCC2)N[C@@H]1O[C@H](CO)[C@@H](O)[C@H](O)[C@H]1O
CHEMBL3322335,5140.0,=,Ki,5.29,1784897,O=C(/C=C/c1ccc(-c2ccccc2)cc1)N[C@@H]1O[C@H](CO)[C@@H](O)[C@H](O)[C@H]1O
CHEMBL3322337,4980.0,=,Ki,5.3,1784899,CC(C)c1ccc(/C=C/C(=O)N[C@@H]2O[C@H](CO)[C@@H](O)[C@H](O)[C@H]2O)cc1
CHEMBL3322341,8250.0,=,Ki,5.08,1784904,O=C(COc1ccc(-c2ccccc2)cc1)N[C@@H]1O[C@H](CO)[C@@H](O)[C@H](O)[C@H]1O
CHEMBL131967,81000.0,=,Ki,4.09,220165,O=C(N[C@@H]1O[C@H](CO)[C@@H](O)[C@H](O)[C@H]1O)c1ccccc1
CHEMBL3322299,3500.0,=,Ki,5.46,1784861,O=C(/C=C/c1ccc2ccccc2c1)N[C@@H]1O[C@H](CO)[C@@H](O)[C@H](O)[C@H]1O
CHEMBL3310890,24000.0,=,Ki,4.62,1779994,N=C1NC(=O)[C@]2(O[C@H](CO)[C@@H](O)[C@H](O)[C@H]2O)S1
CHEMBL3310895,10000.0,=,Ki,5.0,1779999,O=C(/N=C1/NC(=O)[C@]2(O[C@H](CO)[C@@H](O)[C@H](O)[C@H]2O)S1)c1ccc2ccccc2c1
CHEMBL3310894,15000.0,=,Ki,4.82,1779998,O=C(/N=C1/NC(=O)[C@]2(O[C@H](CO)[C@@H](O)[C@H](O)[C@H]2O)S1)c1cccc2ccccc12
CHEMBL3310893,35000.0,=,Ki,4.46,1779997,Cc1ccc(C(=O)/N=C2/NC(=O)[C@]3(O[C@H](CO)[C@@H](O)[C@H](O)[C@H]3O)S2)cc1
CHEMBL3310892,9000.0,=,Ki,5.05,1779996,O=C(/N=C1/NC(=O)[C@]2(O[C@H](CO)[C@@H](O)[C@H](O)[C@H]2O)S1)c1ccccc1
CHEMBL3310896,63000.0,=,Ki,4.2,1780001,Cc1ccc(S(=O)(=O)/N=C2/NC(=O)[C@]3(O[C@H](CO)[C@@H](O)[C@H](O)[C@H]3O)S2)cc1
CHEMBL3310897,29000.0,=,Ki,4.54,1780002,O=C1N/C(=N/S(=O)(=O)c2cccc3ccccc23)S[C@@]12O[C@H](CO)[C@@H](O)[C@H](O)[C@H]2O
CHEMBL2418614,30000.0,=,Ki,4.52,1577386,O=C(N[C@@H]1O[C@H](CO)[C@@H](O)[C@H](O)[C@H]1O)c1nnc(-c2ccc3ccccc3c2)o1
CHEMBL2418618,33000.0,=,Ki,4.48,1577390,O=C(N[C@@H]1O[C@H](CO)[C@@H](O)[C@H](O)[C@H]1O)c1noc(-c2cccc3ccccc23)n1
CHEMBL3621970,1000.0,=,Ki,6.0,1965647,O=C(N[C@@H]1O[C@H](CO)[C@@H](O)[C@H](O)[C@H]1O)c1nnc(-c2ccccc2)[nH]1
CHEMBL3621971,9200.0,=,Ki,5.04,1965648,O=C(N[C@@H]1O[C@H](CO)[C@@H](O)[C@H](O)[C@H]1O)c1nnc(-c2ccc3ccccc3c2)[nH]1
CHEMBL3764195,80500.0,=,IC50,4.09,2068595,OC[C@H]1O[C@@]2(CC(c3cc4ccccc4c4ccccc34)=NO2)[C@H](O)[C@@H](O)[C@@H]1O
CHEMBL3763876,1540.0,=,IC50,5.81,2068594,OC[C@H]1O[C@@]2(CC(c3ccc4cc(O)ccc4c3)=NO2)[C@H](O)[C@@H](O)[C@@H]1O
CHEMBL3763810,27700.0,=,IC50,4.56,2068593,COc1ccc2cc(C3=NO[C@@]4(C3)O[C@H](CO)[C@@H](O)[C@H](O)[C@H]4O)ccc2c1
CHEMBL3764775,5600.0,=,IC50,5.25,2068591,CSc1ccc(C2=NO[C@@]3(C2)O[C@H](CO)[C@@H](O)[C@H](O)[C@H]3O)cc1
CHEMBL510975,3100.0,=,Ki,5.51,491347,O=C1NC(=O)[C@@]2(N1)O[C@H](CO)[C@@H](O)[C@H](O)[C@H]2O
CHEMBL489798,5100.0,=,Ki,5.29,491348,O=C1NC(=S)N[C@@]12O[C@H](CO)[C@@H](O)[C@H](O)[C@H]2O
CHEMBL3764882,59700.0,=,Ki,4.22,2068898,O=C1CNC(=O)[C@@]2(N1)O[C@H](CO)[C@@H](O)[C@H](O)[C@H]2O
CHEMBL80254,400.0,=,Ki,6.4,122938,OC[C@H]1NC[C@@H](O)[C@@H]1O
CHEMBL3764271,6100.0,=,IC50,5.21,2068600,OC[C@H]1O[C@@]2(CC(c3nc4ccccc4s3)=NO2)[C@H](O)[C@@H](O)[C@@H]1O
CHEMBL3765663,10000.0,=,IC50,5.0,2068599,OC[C@H]1O[C@@]2(CC(c3cc4ccccc4s3)=NO2)[C@H](O)[C@@H](O)[C@@H]1O
CHEMBL3763651,25000.0,=,IC50,4.6,2068598,OC[C@H]1O[C@@]2(CC(c3cc4ccccc4o3)=NO2)[C@H](O)[C@@H](O)[C@@H]1O
CHEMBL3763976,13300.0,=,IC50,4.88,2068597,OC[C@H]1O[C@@]2(CC(c3ccc4c(c3)OCCO4)=NO2)[C@H](O)[C@@H](O)[C@@H]1O
CHEMBL3763929,81300.0,=,IC50,4.09,2068596,OC[C@H]1O[C@@]2(CC(c3ccc4c(c3)OCO4)=NO2)[C@H](O)[C@@H](O)[C@@H]1O
CHEMBL3770455,31.0,=,Ki,7.51,2071341,OC[C@H]1O[C@@H](c2nc(-c3ccc4ccccc4c3)c[nH]2)[C@H](O)[C@@H](O)[C@@H]1O
CHEMBL3770514,280.0,=,Ki,6.55,2071339,OC[C@H]1O[C@@H](c2nc(-c3ccccc3)c[nH]2)[C@H](O)[C@@H](O)[C@@H]1O
CHEMBL3769711,10200.0,=,IC50,4.99,2071141,O=C(Cn1cccc(NCc2ccc(Cl)c(Cl)c2)c1=O)NCc1ccccc1
CHEMBL3771282,31300.0,=,IC50,4.5,2071145,O=C(Cn1cccc(NCc2ccc(Cl)c(Cl)c2)c1=O)NCCc1ccccc1
CHEMBL3769650,19500.0,=,IC50,4.71,2071146,O=C(Cn1cccc(NCc2cccs2)c1=O)NCc1ccc(Cl)c(Cl)c1
CHEMBL3771019,3400.0,=,IC50,5.47,2071148,Cc1ccc(S(=O)(=O)n2cccc2CNc2cccn(CC(=O)NCc3ccc(Cl)c(Cl)c3)c2=O)cc1
CHEMBL3770237,68000.0,=,IC50,4.17,2071154,O=C(Cn1cccc(NCCCc2ccccc2)c1=O)NCCc1ccc(Cl)c(Cl)c1
CHEMBL3769802,18500.0,=,IC50,4.73,2071140,O=C(Cn1cccc(NCc2ccccc2Cl)c1=O)NCc1ccc(Cl)c(Cl)c1
CHEMBL3770266,5660.0,=,IC50,5.25,2071155,O=C(Cn1cccc(NCc2cccc(Cl)c2)c1=O)NCc1ccc(Cl)c(Cl)c1
CHEMBL3769814,2100.0,=,IC50,5.68,2071156,O=C(Cn1cccc(NCc2ccc(Cl)cc2)c1=O)NCc1ccc(Cl)c(Cl)c1
CHEMBL3769527,1920.0,=,IC50,5.72,2071157,O=C(Cn1cccc(NCc2ccc(Cl)c(Cl)c2)c1=O)NCc1ccc(Cl)c(Cl)c1
CHEMBL3769992,57000.0,=,IC50,4.24,2071159,O=C(Cn1cccc(NCc2ccccc2Cl)c1=O)Nc1ccc(Cl)c(Cl)c1
CHEMBL3770692,2500.0,=,IC50,5.6,2071162,O=C(Cn1cccc(NCc2ccc([N+](=O)[O-])cc2)c1=O)NCc1ccc(Cl)c(Cl)c1
CHEMBL3771162,13000.0,=,IC50,4.89,2071163,O=C(Cn1cccc(NC(=O)c2ccccc2)c1=O)Nc1ccc(Cl)c(Cl)c1
CHEMBL3770242,18500.0,=,IC50,4.73,2071164,O=C(Cn1cccc(NCc2ccc(Cl)c(Cl)c2)c1=O)Nc1ccc(Cl)c(Cl)c1
CHEMBL3770080,22500.0,=,IC50,4.65,2071165,O=C(Cn1cccc(NCc2ccc(Cl)c(Cl)c2)c1=O)NCCc1ccc(Cl)c(Cl)c1
CHEMBL558445,11000.0,=,Ki,4.96,565837,OC[C@H]1O[C@@H](c2nc3ccccc3[nH]2)[C@H](O)[C@@H](O)[C@@H]1O
CHEMBL559793,76000.0,=,Ki,4.12,558730,OC[C@H]1O[C@@H](c2nc3ccccc3s2)[C@H](O)[C@@H](O)[C@@H]1O
CHEMBL3916767,178.0,=,IC50,6.75,2126138,O=C(N[C@@H](Cc1ccc(F)cc1)C(=O)C(=O)N1CCC(O)CC1)c1cc2cc(Cl)ccc2[nH]1
CHEMBL489799,4600.0,=,Ki,5.34,491350,O=C(NC(=O)c1ccccc1)N[C@@H]1O[C@H](CO)[C@@H](O)[C@H](O)[C@H]1O
CHEMBL1958109,5100.0,=,Ki,5.29,1283647,O=C1CNC(=S)N1
CHEMBL335315,32000.0,=,Ki,4.5,220261,CC(=O)N[C@@H]1O[C@H](CO)[C@@H](O)[C@H](O)[C@H]1O
CHEMBL3770455,65.0,=,Ki,7.19,2071341,OC[C@H]1O[C@@H](c2nc(-c3ccc4ccccc4c3)c[nH]2)[C@H](O)[C@@H](O)[C@@H]1O
CHEMBL3770514,226.0,=,Ki,6.65,2071339,OC[C@H]1O[C@@H](c2nc(-c3ccccc3)c[nH]2)[C@H](O)[C@@H](O)[C@@H]1O
CHEMBL4075602,100000.0,=,Ki,4.0,2215513,O[C@H]1[C@H](O)CO[C@@H](c2nc(-c3ccc4ccccc4c3)c[nH]2)[C@@H]1O
CHEMBL4090219,27100.0,=,Ki,4.57,2230130,O=c1[nH]c(=O)n([C@@H]2O[C@H](CO)[C@@H](O)[C@@H](CO)[C@H]2O)cc1F
CHEMBL560324,38000.0,=,Ki,4.42,556965,OC[C@H]1O[C@@H](c2noc(-c3ccc4ccccc4c3)n2)[C@H](O)[C@@H](O)[C@@H]1O
CHEMBL4081944,5500.0,=,Ki,5.26,2221855,O=c1[nH]c(=O)n([C@@H]2O[C@H](CO)[C@@H](O)[C@H](O)[C@H]2O)cc1F
CHEMBL558445,9000.0,=,Ki,5.05,565837,OC[C@H]1O[C@@H](c2nc3ccccc3[nH]2)[C@H](O)[C@@H](O)[C@@H]1O
CHEMBL600003,16000.0,=,Ki,4.8,602676,OC[C@H]1O[C@@H](n2cc(-c3ccc4ccccc4c3)nn2)[C@H](O)[C@@H](O)[C@@H]1O
CHEMBL4087784,35200.0,=,Ki,4.45,2227695,N[C@H]1[C@H](c2nc(-c3ccccc3)n[nH]2)O[C@H](CO)[C@@H](O)[C@@H]1O
CHEMBL4101331,125.0,=,Ki,6.9,2241242,N[C@H]1[C@H](c2nc(-c3ccc4ccccc4c3)c[nH]2)O[C@H](CO)[C@@H](O)[C@@H]1O
CHEMBL4095486,3110.0,=,Ki,5.51,2235397,N[C@H]1[C@H](c2nc(-c3ccccc3)c[nH]2)O[C@H](CO)[C@@H](O)[C@@H]1O
CHEMBL4068103,5300.0,=,Ki,5.28,2208014,N[C@H]1[C@H](c2nc(-c3ccc4ccccc4c3)n[nH]2)O[C@H](CO)[C@@H](O)[C@@H]1O
CHEMBL4087784,30200.0,=,Ki,4.52,2227695,N[C@H]1[C@H](c2nc(-c3ccccc3)n[nH]2)O[C@H](CO)[C@@H](O)[C@@H]1O
CHEMBL4101331,191.0,=,Ki,6.72,2241242,N[C@H]1[C@H](c2nc(-c3ccc4ccccc4c3)c[nH]2)O[C@H](CO)[C@@H](O)[C@@H]1O
CHEMBL4095486,2670.0,=,Ki,5.57,2235397,N[C@H]1[C@H](c2nc(-c3ccccc3)c[nH]2)O[C@H](CO)[C@@H](O)[C@@H]1O
CHEMBL4068103,4800.0,=,Ki,5.32,2208014,N[C@H]1[C@H](c2nc(-c3ccc4ccccc4c3)n[nH]2)O[C@H](CO)[C@@H](O)[C@@H]1O
CHEMBL4172670,4420.0,=,Ki,5.36,2275701,O=C(O)c1ccc(-c2ccc(-c3n[nH]c([C@@H]4O[C@H](CO)[C@@H](O)[C@H](O)[C@H]4O)n3)cc2)cc1
CHEMBL4161353,5050.0,=,Ki,5.3,2264384,O=C(O)c1ccc2cc(-c3n[nH]c([C@@H]4O[C@H](CO)[C@@H](O)[C@H](O)[C@H]4O)n3)ccc2c1
CHEMBL4169281,1190.0,=,Ki,5.92,2272312,OC[C@H]1O[C@@H](c2nc(-c3ccc4c(c3)Cc3ccccc3-4)n[nH]2)[C@H](O)[C@@H](O)[C@@H]1O
CHEMBL4176460,2380.0,=,Ki,5.62,2279491,OC[C@H]1O[C@@H](c2nc(-c3ccc(-c4ccccc4)cc3)n[nH]2)[C@H](O)[C@@H](O)[C@@H]1O
CHEMBL4165855,68200.0,=,Ki,4.17,2268886,OC[C@H]1O[C@@H](c2nc(-c3cccc(-c4ccccc4)c3)n[nH]2)[C@H](O)[C@@H](O)[C@@H]1O
CHEMBL4161126,98200.0,=,Ki,4.01,2264157,NS(=O)(=O)c1ccc(-c2n[nH]c([C@@H]3O[C@H](CO)[C@@H](O)[C@H](O)[C@H]3O)n2)cc1
CHEMBL4164542,11500.0,=,Ki,4.94,2267573,OC[C@H]1O[C@@H](c2nc(-c3cccc4ccccc34)n[nH]2)[C@H](O)[C@@H](O)[C@@H]1O
CHEMBL4175176,20000.0,=,Ki,4.7,2278207,OC[C@H]1O[C@@H](c2nc(-c3ccc4cc5ccccc5cc4c3)n[nH]2)[C@H](O)[C@@H](O)[C@@H]1O
CHEMBL4172670,980.0,=,Ki,6.01,2275701,O=C(O)c1ccc(-c2ccc(-c3n[nH]c([C@@H]4O[C@H](CO)[C@@H](O)[C@H](O)[C@H]4O)n3)cc2)cc1
CHEMBL4161353,780.0,=,Ki,6.11,2264384,O=C(O)c1ccc2cc(-c3n[nH]c([C@@H]4O[C@H](CO)[C@@H](O)[C@H](O)[C@H]4O)n3)ccc2c1
CHEMBL4169281,840.0,=,Ki,6.08,2272312,OC[C@H]1O[C@@H](c2nc(-c3ccc4c(c3)Cc3ccccc3-4)n[nH]2)[C@H](O)[C@@H](O)[C@@H]1O
CHEMBL4176460,2090.0,=,Ki,5.68,2279491,OC[C@H]1O[C@@H](c2nc(-c3ccc(-c4ccccc4)cc3)n[nH]2)[C@H](O)[C@@H](O)[C@@H]1O
CHEMBL4164542,3380.0,=,Ki,5.47,2267573,OC[C@H]1O[C@@H](c2nc(-c3cccc4ccccc34)n[nH]2)[C@H](O)[C@@H](O)[C@@H]1O
